Município,Código,Gentílico,Prefeito [2021],área Territorial - km2; [2021],População estimada - pessoas [2021],Densidade demográfica - hab/km2; [2010],Escolarização 6 a 14 anos - % [2010],IDHM índice de desenvolvimento humano municipal [2010],Mortalidade infantil - óbitos por mil nascidos vivos [2019],Receitas realizadas - R$ (x1000) [2017],Despesas empenhadas - R$ (x1000) [2017],PIB per capita - R$ [2019]
Abatiá,4100103,abatiense,NELSON GARCIA JUNIOR,228.717,7360,33.95,96.5,0.687,33.9,21302.4779,17805.68531,25316.37
Adrianópolis,4100202,adrianopolitano ou adrianopolense,VANDIR DE OLIVEIRA ROSA,1349.311,5797,4.73,95.8,0.667,-,27896.90718,26008.12705,36344.53
Agudos do Sul,4100301,agudense-do-sul ou agudense,LUCIANE MAIRA TEIXEIRA,192.261,9567,43.01,96.3,0.660,-,23790.02827,21427.99858,23289.03
Almirante Tamandaré,4100400,tamandareense,GERSON DENILSON COLODEL,194.888,121420,529.95,95.6,0.699,6.61,200858.73732,165618.13589,13747.91
Altamira do Paraná,4100459,altamirense,JOSE ETEVALDO DE OLIVEIRA,386.945,1429,11.13,97.5,0.667,-,21885.68263,18892.50535,38678.23
Altônia,4100509,altoniano,CLAUDENIR GERVASONE,661.560,22293,31.01,99.7,0.721,4.37,56894.27554,47629.1877,16874.84
Alto Paraná,4100608,alto-paranaense,CLAUDEMIR JOIA PEREIRA,407.719,14945,33.51,96,0.696,6.41,49050.42207,38262.57745,21709.38
Alto Piquiri,4100707,alto-piquirense,GIOVANE MENDES DE CARVALHO,447.666,9722,22.74,97.7,0.676,15.04,33578.9144,30480.36361,27493.12
Alvorada do Sul,4100806,alvoradense-do-sul,MARCOS ANTONIO VOLTARELLI,424.250,11598,24.24,97.4,0.708,17.54,38595.7058,32758.45843,21856.82
Amaporã,4100905,amaporense,MAURO LEMOS,384.735,6405,14.15,98.3,0.669,-,23652.63869,19791.33832,26673.33
Ampére,4101002,amperense,DISNEI LUQUINI,298.349,19466,58.01,99.3,0.709,10.49,53952.96976,47302.73743,31119.18
Anahy,4101051,anaiense,CARLOS ANTONIO REIS,102.895,2774,28.00,97.4,0.695,-,16524.26347,13907.21309,30793.20
Andirá,4101101,andiraense,IONE ELISABETH ALVES ABIB,235.944,19823,87.30,99.1,0.725,8.37,76575.51877,64662.02459,37736.32
&Acirc;ngulo,4101150,angulense,ROGÉRIO APARECIDO BERNARDO,106.021,2931,26.97,100,0.721,20.83,22532.87433,17528.14675,38255.86
Antonina,4101200,antoninense,JOSÉ PAULO VIEIRA AZIM,882.317,18919,21.41,97.6,0.687,-,54850.93103,50220.65781,29795.88
Antônio Olinto,4101309,antoniolintense,ALAN JAROS,469.620,7421,15.65,98.6,0.656,-,23695.77347,20198.7081,26108.84
Apucarana,4101408,apucaranense,SEBASTIAO FERREIRA MARTINS JUNIOR,558.389,137438,216.55,97.8,0.748,13.43,333503.24963,302077.09003,25602.65
Arapongas,4101507,araponguense,SERGIO ONOFRE DA SILVA,382.215,126545,272.49,97.3,0.748,14.58,311862.45872,282449.51696,40422.28
Arapoti,4101606,arapotiense,IRANI JOSE BARROS,1358.176,28480,19.00,97.7,0.723,11.17,95686.15669,76735.60762,43752.73
Arapuã,4101655,arapuense,DEODATO MATIAS,217.371,2951,16.34,97.1,0.676,-,17607.90099,15645.49382,31093.72
Araruna,4101705,ararunense,LEANDRO CESAR DE OLIVEIRA,493.191,14029,27.21,99.1,0.704,24.75,47109.10876,43286.37144,33735.86
Araucária,4101804,araucariano,HISSAM HUSSEIN DEHAINI,469.240,148522,253.86,97.4,0.740,9.73,1031236.18221,713669.69042,130033.87
Ariranha do Ivaí,4101853,ariranhense do ivaí,THIAGO EPIFANIO DA SILVA,239.562,2026,10.24,99.4,0.670,-,17929.99824,13204.38201,36895.36
Assaí,4101903,assaiense,MICHEL ANGELO BOMTEMPO,440.347,14792,37.14,98,0.728,7.09,47740.25987,39980.4735,29088.35
Assis Chateaubriand,4102000,assis-chateaubriense,VALTER APARECIDO SOUZA CORREIA,980.727,33306,34.06,98.6,0.729,12.58,110029.77719,93861.28847,35143.55
Astorga,4102109,astorgano,SUZIE APARECIDA PUCILLO ZANATTA,434.792,26304,56.80,97.4,0.747,14.33,81604.54154,69112.08505,28300.00
Atalaia,4102208,atalaiense,CARLOS EDUARDO ARMELIN MARIANI,137.663,3871,28.42,99.6,0.736,-,22112.7648,19697.19113,37269.70
Balsa Nova,4102307,balsa-novense,MARCOS ANTONIO ZANETTI,348.926,13238,32.39,87.4,0.696,5.88,53670.59253,45954.50726,58036.14
Bandeirantes,4102406,bandeirantense,JAELSON RAMALHO MATTA,445.192,31061,72.29,97.8,0.727,11.24,73915.03994,63634.5801,25807.42
Barbosa Ferraz,4102505,barbosense,EDENILSON APARECIDO MILIOSSI,538.636,11287,23.50,98.2,0.696,-,36116.20339,31640.69078,18328.98
Barracão,4102604,barraconense,JORGE LUIZ SANTIN,171.402,10347,56.78,95.3,0.706,-,39271.02329,33672.37782,25651.92
Barra do Jacaré,4102703,barrense,EDIMAR DE FREITAS ALBONETI,115.855,2781,23.56,98.7,0.744,-,16904.05899,13728.96018,29236.20
Bela Vista da Caroba,4102752,bela-vistense,GELSON MAFFI,148.107,3404,26.64,99.5,0.681,-,16979.21179,13878.83643,19710.62
Bela Vista do Paraíso,4102802,bela-vistense,FABRICIO PASTORE,242.689,15400,62.13,97.3,0.716,10.47,44196.64293,36909.66925,30194.30
Bituruna,4102901,biturenense,RODRIGO ROSSONI,1228.285,16411,13.07,98.2,0.667,10.71,54066.00709,47507.87074,22011.72
Boa Esperança,4103008,boa-esperansense,JOEL CELSO BUSCARIOL,302.739,3991,14.86,99,0.720,-,23815.23761,20710.11438,49048.95
Boa Esperança do Iguaçu,4103024,boaesperencense,GIVANILDO TRUMI,151.797,2437,18.21,98.3,0.700,-,18090.96703,15984.69558,35254.00
Boa Ventura de São Roque,4103040,boa venturense,EDSON FLáVIO HOFFMANN,620.453,6343,10.53,97.5,0.655,43.96,31809.68918,23937.45271,34098.44
Boa Vista da Aparecida,4103057,boa-vistense,LEONIR ANTUNES DOS SANTOS,266.173,7524,30.87,99.2,0.670,-,29754.88719,29694.59198,18559.39
Bocai&uacute;va do Sul,4103107,bocaiuvense,ANTONIO LUIZ GUSSO,826.344,13308,13.30,95.1,0.640,-,33981.14629,27294.50966,15514.08
Bom Jesus do Sul,4103156,bonjesuense,HELIO JOSE SURDI,173.817,3472,21.82,99.4,0.697,-,19948.46221,17631.48328,19826.98
Bom Sucesso,4103206,bom-sucessense,RAIMUNDO SEVERIANO DE ALMEIDA JUNIOR,322.755,7103,20.33,95.5,0.686,-,27358.73939,24688.72162,16930.59
Bom Sucesso do Sul,4103222,bomsucessense do sul,NILSON ANTONIO FEVERSANI,195.931,3244,16.81,98.3,0.742,-,22286.35576,18117.63482,54468.90
Borrazópolis,4103305,borrazopolitano,DALTON FERNANDES MOREIRA,334.378,6290,23.56,99,0.717,-,23979.11338,19373.08251,30031.47
Braganey,4103354,braganense,ODAIR GUERREIRO OLIVEIRA,343.321,5338,16.70,98,0.701,12.5,23080.73628,17629.07055,32591.03
Brasil&acirc;ndia do Sul,4103370,brasilandiense,ALEX ANTONIO CAVALCANTE,291.036,2521,11.03,97.8,0.681,18.87,23381.87059,21465.422,62846.02
Cafeara,4103404,cafearense,ELTON FABIO LAZARETTI,185.800,2973,14.50,99.5,0.693,-,16859.40046,14641.14835,22180.82
Cafel&acirc;ndia,4103453,cafelandense,CULESTINO KIARA,271.724,18783,53.96,98,0.748,17.75,74075.55686,60227.67424,75275.81
Cafezal do Sul,4103479,cafezalense,MARIO JUNIO KAZUO DA SILVA,335.392,3975,12.79,98.4,0.692,-,19863.67722,19078.61298,21703.28
Califórnia,4103503,californiano,PAULO WILSON MENDES,141.817,8641,56.90,97.2,0.722,16.53,27659.24936,21097.54658,18223.65
Cambará,4103602,cambaraense,JOSÉ SALIM HAGGI NETO,366.153,25569,65.23,97.3,0.721,6.62,75318.25344,55466.07134,30069.64
Cambé,4103701,cambeense,CONRADO &Acirc;NGELO SCHELLER,495.375,108126,195.47,97.5,0.734,11.19,285940.19392,248791.5082,38644.48
Cambira,4103800,cambirense,EMERSON TOLEDO PIRES,163.388,7967,44.29,97.5,0.725,-,26273.58534,21131.9679,26060.52
Campina da Lagoa,4103909,campinense-da-lagoa,MILTON LUIZ ALVES,796.614,13888,19.32,97.3,0.704,4.57,48287.58412,40522.95684,29100.62
Campina do Simão,4103958,campineiro do simão,ANDRÉ JUNIOR DE PAULA,448.424,3831,9.09,98.4,0.630,14.49,22366.71652,20245.09941,26086.44
Campina Grande do Sul,4104006,campinense-do-sul,BIHL ELERIAN ZANETTI,539.245,44072,71.90,98,0.718,13.53,146811.35667,115275.2415,36457.57
Campo Bonito,4104055,campo-bonitense,MARIO WEBER,433.832,3694,10.16,97.4,0.681,-,24283.5252,19430.62493,34941.05
Campo do Tenente,4104105,tenentiano,WEVERTON WILLIAN VIZENTIN,304.488,8118,23.40,98.7,0.686,8.26,24380.72221,22983.35229,25310.07
Campo Largo,4104204,campo-larguense,MAURíCIO ROBERTO RIVABEM,1243.551,135678,89.93,97.7,0.745,10.87,334617.81068,263348.38055,35770.78
Campo Magro,4104253,campomagrense,CLAUDIO CESAR CASAGRANDE,275.352,30151,90.22,96.1,0.701,7.43,70517.06947,66764.12173,14833.09
Campo Mourão,4104303,campo-mourense,TAUILLO TEZELLI,749.637,96102,115.05,98.2,0.757,12.92,325876.0211,263940.0456,40804.93
C&acirc;ndido de Abreu,4104402,c&acirc;ndido-abreuense,RENAN MENCK ROMANICHEN,1510.160,14606,11.03,98.1,0.629,10.26,44514.10934,39540.31021,21646.30
Candói,4104428,candoianos,ALDOINO GOLDONI FILHO,1512.786,16126,9.90,93.8,0.635,21.37,62024.48056,45619.27801,30816.84
Cantagalo,4104451,cantagalense,JOãO KONJUNSKI,583.304,13340,22.20,96,0.635,6.1,37515.04895,33100.62622,19102.32
Capanema,4104501,capanemense,AMERICO BELLE,419.036,19172,44.25,98.2,0.706,8,63634.53021,52869.59706,30783.11
Capitão Leônidas Marques,4104600,leônidas-marquesiense,MAXWELL SCAPINI,277.480,15887,54.29,98.2,0.716,28.93,54181.82619,44754.17599,81461.05
Carambeí,4104659,carambiense,ELISANGELA PEDROSO DE OLIVEIRA NUNES,649.680,24225,29.50,98.2,0.728,11.63,85492.76962,75170.97805,63624.53
Carlópolis,4104709,carlopolitano,HIROSHI KUBO,451.418,14391,30.36,98.1,0.713,20.2,39762.4564,32200.5857,24469.09
Cascavel,4104808,cascavelense,LEONALDO PARANHOS DA SILVA,2091.199,336073,136.23,98.1,0.782,9.79,962657.58077,805933.7399,38368.71
Castro,4104907,castrense,MOACYR ELIAS FADEL JUNIOR,2531.503,72125,26.50,97.2,0.703,9.27,214539.00,176703.13882,38661.79
Catanduvas,4105003,catanduvense,MOISES APARECIDO DE SOUZA,580.421,10144,17.54,97.8,0.678,8.85,31959.51902,25617.01953,23842.55
Centenário do Sul,4105102,centenariense,MELQUIADES TAVIAN JUNIOR,371.834,10704,30.09,97.9,0.668,15.38,33044.34839,29330.14889,19830.47
Cerro Azul,4105201,cerro-azulense,PATRIK MAGARI,1341.189,17884,12.63,92.9,0.573,-,45669.89414,40136.50712,18086.45
Céu Azul,4105300,céu-azulense,LAURINDO SPEROTTO,1179.449,11872,9.35,98.4,0.732,-,51371.45943,44429.249,51482.64
Chopinzinho,4105409,chopinzinhense,EDSON LUIZ CENCI,959.692,19083,20.51,98.1,0.740,6.31,85971.58126,71992.95039,34459.48
Cianorte,4105508,cianortense,MARCO ANTONIO FRANZATO,811.666,84980,86.19,98.2,0.755,5.43,283157.49013,248120.80945,34325.18
Cidade Ga&uacute;cha,4105607,cidade-gauchense ou citadino,HENRIQUE DOMINGUES,403.045,12939,27.45,98.5,0.718,23.95,37818.07454,34806.09798,32714.30
Clevel&acirc;ndia,4105706,clevelandense,RAFAELA MARTINS LOSI,703.638,16344,24.50,96,0.694,30.3,54997.73135,46848.90778,31042.35
Colombo,4105805,colombense,HELDER LUIZ LAZAROTTO,197.793,249277,1076.72,96.6,0.733,12.43,407967.01225,356978.85096,22165.61
Colorado,4105904,colorado,MARCOS JOSÉ CONSALTER DE MELLO,407.568,24271,55.41,98.1,0.730,26.62,85272.00514,70195.43477,29065.60
Congonhinhas,4106001,congonhinhense,JOSÉ OLEGáRIO RIBEIRO LOPES,535.963,8896,15.45,98.7,0.668,9.9,28467.00531,21350.00712,22636.23
Conselheiro Mairinck,4106100,mairinquense,ALEX SANDRO PEREIRA COSTA DOMINGUES,204.705,3891,17.76,98.7,0.707,-,16124.20854,14861.85142,27066.22
Contenda,4106209,contendense,ANTONIO ADAMIR DIGNER,299.037,19082,53.14,99.6,0.681,11.58,56309.73279,45438.71896,21698.39
Corbélia,4106308,corbeliano,GIOVANI MIGUEL WOLF HNATUW,529.137,17162,30.81,97.9,0.738,14.15,70372.98162,56025.86279,39551.11
Cornélio Procópio,4106407,procopense,AMIN JOSE HANNOUCHE,635.100,47840,73.89,98.7,0.759,18.29,128152.47518,112439.98133,35291.25
Coronel Domingos Soares,4106456,domingosoarense,JANDIR BANDIERA,1562.848,7538,4.59,95.9,0.600,12.05,29988.1546,25562.98895,25754.14
Coronel Vivida,4106506,coronel-vividense,ANDERSON MANIQUE BARRETO,684.417,20430,31.78,97.5,0.723,9.26,71385.64644,69625.73308,32513.78
Corumbataí do Sul,4106555,corumbataiense,ALEXANDRE DONATO,164.341,3038,24.35,97,0.638,22.22,17470.1544,15905.4491,19402.33
Cruzeiro do Iguaçu,4106571,cruzeirense,LEONIR ANTÔNIO GELHEN,161.862,4229,26.43,98.4,0.709,20,22958.25502,18967.24352,27000.68
Cruzeiro do Oeste,4106605,cruzeirense,MARIA HELENA BERTOCO RODRIGUES,775.984,20962,26.20,97.7,0.717,16.61,67573.12677,60804.21937,40132.68
Cruzeiro do Sul,4106704,cruzeirense-do-sul,MARCOS CESAR SUGIGAN,259.103,4430,17.61,98.5,0.713,14.49,20030.83922,19005.56609,38673.20
Cruz Machado,4106803,cruz-machadense,ANTONIO LUIS SZAYKOWSKI,1478.350,18772,12.20,96.9,0.664,16.39,62925.55054,53592.70036,20022.18
Cruzmaltina,4106852,cruzmaltinense,NATAL CASAVECHIA,312.299,2892,10.12,99.3,0.666,-,17818.47504,14222.88015,38235.33
Curitiba,4106902,curitibano,RAFAEL VALDOMIRO GRECA DE MACEDO,434.892,1963726,4027.04,97.6,0.823,6.5,8661107.78088,8029191.25759,49706.64
Curi&uacute;va,4107009,curiuvense,NATA NAEL MOURA DOS SANTOS,576.263,15289,24.16,98.7,0.656,16.39,43138.38771,35909.33769,14767.70
Diamante do Norte,4107108,diamantense,ELIEL DOS SANTOS CORREA,242.887,4975,22.71,97.2,0.723,-,28753.79623,23537.77297,62312.67
Diamante do Sul,4107124,sul-diamantino,DARCI TIRELLI,347.233,3409,9.75,99.4,0.608,-,16436.06517,14263.14011,16271.98
Diamante D'Oeste,4107157,diamantense,GUILHERME PIVATTO JUNIOR,309.110,5279,16.26,98.2,0.644,15.15,23414.96838,18879.33991,19426.89
Dois Vizinhos,4107207,duovizinhense,LUIS CARLOS TURATTO,418.648,41424,86.42,98.4,0.767,11.08,121616.7359,106017.22608,41240.19
Douradina,4107256,douradinense,OBERDAM JOSÉ DE OLIVEIRA,419.853,8988,17.73,97.2,0.724,16.53,29112.24873,25816.10272,72694.77
Doutor Camargo,4107306,camarguense,ÉDILEN HENRIQUE XAVIER,118.279,5987,49.27,98.6,0.746,-,22321.54379,19686.67747,27692.00
Enéas Marques,4107405,enéas-marquense,EDSON LUPATINI,192.203,5906,31.75,99.3,0.752,15.87,26915.87323,20281.07224,36074.30
Engenheiro Beltrão,4107504,engenheiro-beltrense,ADALMIR JOSÉ GARBIM JUNIOR,467.470,13962,29.75,97.8,0.730,6.8,43004.04584,36378.45247,33270.05
Esperança Nova,4107520,esperançanovense,EVERTON BARBIERI,138.560,1633,14.22,98.5,0.689,-,17889.63783,12350.56202,31246.86
Entre Rios do Oeste,4107538,entrerriense,ARI ALOíSIO MALDANER,120.967,4651,32.16,100,0.761,35.71,35878.21502,29709.30992,52472.96
Espigão Alto do Iguaçu,4107546,espigãoense,AGENOR BERTONCELO,326.440,3980,14.33,97.9,0.636,-,21033.60554,17792.35574,29093.66
Farol,4107553,farolense,OCLECIO DE FREITAS MENESES,289.232,2995,12.00,97.1,0.715,-,20234.9281,17490.82625,42093.80
Faxinal,4107603,faxinalense,YLSON ALVARO CANTAGALLO,715.943,17379,22.79,96.3,0.687,3.95,57332.06947,43740.98432,26156.73
Fazenda Rio Grande,4107652,fazendense,NASSIB KASSEM HAMMAD,116.678,103750,700.00,95.8,0.720,15.78,248605.46237,198791.34565,25024.45
Fênix,4107702,fenexense,ALTAIR MOLINA SERRANO,234.099,4734,20.51,99.1,0.716,17.86,22835.77304,19390.40659,30384.13
Fernandes Pinheiro,4107736,fernandespinheirense,CLEONICE APARECIDA KUFENER SCHUCK,406.500,5561,14.59,96.5,0.645,-,33515.65742,28014.7274,33059.66
Figueira,4107751,figueirense,JOSÉ CARLOS CONTIERO,129.769,7625,63.91,98.1,0.677,-,26919.22103,24908.65512,17357.07
Floraí,4107801,floraiense,EDNA DE LOURDES CARPINE CONTIN,191.133,4883,26.42,97,0.745,-,22436.08301,19654.20244,37111.35
Flor da Serra do Sul,4107850,sulflorense,VALMOR FELIPE JUNIOR,238.907,4583,19.78,98.7,0.682,15.63,24577.22803,20446.87644,25790.87
Floresta,4107900,florestense,ADEMIR LUIZ MACIEL,158.226,6926,37.48,98.8,0.736,-,29597.06466,25451.00517,28288.66
Florestópolis,4108007,florestopolitano,ONICIO DE SOUZA,246.331,10360,45.56,97.2,0.701,-,35234.59684,30887.48358,24155.22
Flórida,4108106,floridense,ANTONIO EMERSON SETTE,83.046,2709,30.62,96.3,0.732,-,18338.55781,14876.32076,21858.57
Formosa do Oeste,4108205,formosense-do-oeste,LUIZ ANTONIO DOMINGOS DE AGUIAR,275.712,6345,27.35,96.4,0.723,11.9,27155.64365,20319.77586,42512.44
Foz do Iguaçu,4108304,iguaçuense,FRANCISCO LACERDA BRASILEIRO,618.057,257971,414.58,96.4,0.751,10.17,1031540.52937,873653.36565,61023.61
Francisco Alves,4108320,alvense,VALTER CESAR ROSA,321.898,5942,19.94,98.6,0.669,20.2,28993.43766,25193.92414,27636.22
Francisco Beltrão,4108403,beltronense,CLEBER FONTANA,735.111,93308,107.39,98.8,0.774,5.93,323537.38641,257972.58845,36116.23
Foz do Jordão,4108452,fozjordense,FRANCISCO CLEI DA SILVA,235.382,4466,23.03,96.4,0.645,-,22703.79059,18585.15732,26606.46
General Carneiro,4108502,carneirense,JOEL RICARDO MARTINS FERREIRA,1071.183,13661,12.76,96.7,0.652,-,38179.0947,30453.26399,22177.01
Godoy Moreira,4108551,godoense,PRIMIS DE OLIVEIRA,131.012,2850,25.47,100,0.675,50,17168.85036,15514.79192,17599.84
Goioerê,4108601,goio-erense,ROBERTO DOS REIS DE LIMA,564.163,28734,51.44,97.4,0.731,16.35,83543.22307,76107.26551,30686.79
Goioxim,4108650,goioxinhense,MARI TEREZINHA DA SILVA,702.471,6997,10.68,98.1,0.641,10.99,23738.29914,20424.4738,24881.81
Grandes Rios,4108700,grande-riense,ANTONIO RIBEIRO DA SILVA,314.198,5379,21.09,96.1,0.658,11.76,20110.83737,17939.79366,20909.17
Guaíra,4108809,guairense,HERALDO TRENTO,563.742,33497,54.78,95.9,0.724,10,105766.50093,95433.84395,29169.51
Guairaçá,4108908,guairaçaense,MARCELO ALVES DE OLIVEIRA,493.940,6635,12.55,96.9,0.693,-,20755.37126,19047.00635,37146.79
Guamiranga,4108957,guamiranguense,ANGELO MACHADO DO NASCIMENTO,244.795,8881,32.27,97.5,0.669,29.13,29876.4066,21264.04967,26823.16
Guapirama,4109005,guapiramense,EDUI GONçãLVES,189.100,3767,20.58,98.6,0.702,19.61,21152.21126,18966.69163,27353.16
Guaporema,4109104,guaporemense,GILBERTO CASTIGLIONI,201.150,2239,11.08,98.4,0.719,-,17753.54661,15755.63449,29376.08
Guaraci,4109203,guaraciense,SIDNEI DEZOTI,211.680,5557,24.69,99.3,0.698,32.26,25258.14495,20162.29852,23096.86
Guaraniaçu,4109302,guaraniaçuano,OSMARIO DE LIMA PORTELA,1238.320,11969,11.90,96.9,0.677,12.2,47921.34543,40563.93066,29598.66
Guarapuava,4109401,guarapuavano,CELSO FERNANDO GóES,3168.087,183755,53.68,97.1,0.731,8.96,429923.42332,358585.02795,33639.89
Guaraqueçaba,4109500,guaraqueçabano,LILIAN RAMOS NARLOCH,2017.030,7554,3.90,95.3,0.587,8.2,27641.04798,22267.77227,13851.32
Guaratuba,4109609,guaratubano,ROBERTO CORDEIRO JUSTUS,1326.670,37974,24.19,97.8,0.717,8,137741.27182,144526.94848,23625.23
Honório Serpa,4109658,honório serpense,LUCIANO DIAS,502.235,5030,11.86,99.1,0.683,15.38,24492.73642,17567.10942,37393.15
Ibaiti,4109708,ibaitiense,ANTONELY DE CASSIO ALVES DE CARVALHO,898.221,31854,32.03,96.5,0.710,10.23,63775.96913,46837.93239,22229.27
Ibema,4109757,ibemense,VIVIANE COMIRAN,145.446,6387,41.71,98,0.685,-,21136.1128,17140.11908,23231.92
Ibiporã,4109807,ibiporanense,JOSÉ MARIA FERREIRA,297.742,55688,161.88,96.8,0.726,13.87,209186.1627,172097.45833,50745.95
Icaraíma,4109906,icaraimense,MARCOS ALEX DE OLIVEIRA,675.240,7671,13.09,97.8,0.666,6.9,33968.32351,31657.72182,28180.40
Iguaraçu,4110003,iguaraçuense,ELISEU SILVA DA COSTA,164.983,4475,24.14,98.3,0.758,11.9,23567.67003,20742.65292,36979.96
Iguatu,4110052,iguatuense,VLADEMIR ANTONIO BARELLA,106.937,2251,20.89,96.7,0.703,-,15008.70503,12070.65246,27853.40
Imba&uacute;,4110078,imbauense,DAYANE SOVINSKI RODRIGUES,330.703,13449,34.09,97.2,0.622,10.93,29448.29617,27047.31744,16574.20
Imbituva,4110102,imbituvense,CELSO KUBASKI,756.535,33306,37.61,95.9,0.660,12.4,90941.42459,72054.76637,26669.17
Inácio Martins,4110201,inácio-martinense,EDEMETRIO BENATO JUNIOR,936.208,11117,11.69,94.5,0.600,-,45687.39397,32169.45357,15548.34
Inajá,4110300,inajaense,CLEBER GERALDO DA SILVA,194.704,3122,15.35,98.6,0.705,-,18021.34316,15663.32402,18393.83
Indianópolis,4110409,indianopolitano,JULIANO TREVISAN CORDEIRO,122.622,4472,35.06,100,0.724,-,29593.43139,25481.73304,118889.63
Ipiranga,4110508,ipiranguense,DOUGLAS DAVI CRUZ,927.087,15327,15.26,97.4,0.652,4.74,48447.88927,41809.71146,30850.02
Iporã,4110607,iporãense,SERGIO LUIZ BORGES,647.894,13642,23.12,99.2,0.706,14.49,49180.6497,39327.693,25353.71
Iracema do Oeste,4110656,iracemense,ELZA HAASE RODRIGUES,81.538,2216,31.62,98.3,0.707,-,15300.75687,12663.61136,33711.64
Irati,4110706,iratiense,JORGE DAVID DERBLI PINTO,999.517,61439,56.23,98.5,0.726,7.45,163562.3799,140858.64724,31288.77
Iretama,4110805,iretamense,SAME SAAB,570.459,10029,18.62,98.7,0.665,7.81,40146.53561,31278.75466,26865.68
Itaguajé,4110904,itaguajeense,CRISOGONO NOLETO E SILVA JUNIOR,194.353,4426,24.00,98.9,0.707,-,23191.43986,19899.49881,21343.68
Itaipul&acirc;ndia,4110953,itaipulandiense,CLEIDE INêS GRIEBELER PRATES,330.846,11588,27.25,99.2,0.738,6.02,101491.879,88941.31451,33176.20
Itambaracá,4111001,itambaracaense,MÔNICA CRISTINA ZAMBON HOLZMANN,207.342,6516,32.60,99.5,0.694,-,21900.86252,20027.42926,23983.96
Itambé,4111100,itambenense,VITOR APARECIDO FEDRIGO,243.822,6110,24.52,99.2,0.746,-,22541.24796,18861.56865,28600.76
Itapejara d'Oeste,4111209,itapejarense,VILMAR SCHMOLLER,254.014,12220,41.46,100,0.731,5.59,41943.68175,33048.44523,44647.56
Itaperuçu,4111258,itaperuçuense,NENEU JOSÉ ARTIGAS,320.578,29493,75.96,94.9,0.637,13.83,52087.24682,47937.5453,18132.03
Ita&uacute;na do Sul,4111308,itaunense,GILSON JOSÉ DE GOIS,128.870,2700,27.80,93.6,0.656,21.28,15606.20677,14341.30318,26656.95
Ivaí,4111407,ivaiense,IDIR TREVISO,607.848,14049,21.08,97.2,0.651,6.02,40132.32813,35495.50998,26702.09
Ivaiporã,4111506,ivaiporãnense,LUIZ CARLOS GIL,431.502,31886,73.73,98.3,0.730,19.32,89810.16576,80261.84193,26016.33
Ivaté,4111555,ivateense,DENILSON VAGLIERI PREVITAL,410.907,8294,18.29,98.1,0.706,24.39,27092.36272,21331.44065,24654.05
Ivatuba,4111605,ivatubense,SERGIO JOSE SANTI,96.661,3299,31.14,99.2,0.766,-,43455.73601,16007.53533,34675.25
Jaboti,4111704,jabotiense,REGIS WILLIAM SIQUEIRA RODRIGUES,139.277,5332,35.20,97.6,0.718,-,19959.08933,19595.15821,20693.59
Jacarezinho,4111803,jacarezinhense,MARCELO JOSÉ BERNARDELI PALHARES,602.528,39268,64.93,98.1,0.743,6.6,105850.74167,90957.51801,32325.23
Jaguapitã,4111902,jaguapitãense,GERSON LUIZ MARCATO,475.004,13861,25.74,98.9,0.715,12.05,47516.38143,40141.48595,59386.81
Jaguariaíva,4112009,jaguariaivense,ALCIONE LEMOS,1453.066,35192,22.44,98,0.743,16.03,101707.18291,89723.91847,42686.56
Jandaia do Sul,4112108,jandaiense-do-sul,LAURO DE SOUZA SILVA JUNIOR,187.600,21281,108.04,99.2,0.747,11.32,61490.15584,52660.84095,36347.92
Janiópolis,4112207,janiopolitano,ISMAEL JOSE DEZANOSKI,335.650,4948,19.46,99,0.696,-,23256.74689,18528.57227,29665.65
Japira,4112306,japirense,ANGELO MARCOS VIGILATO,187.802,4929,26.04,98.3,0.696,35.09,18509.25062,16805.05207,21091.09
Japurá,4112405,japuraense,ADRIANA CRISTINA POLIZER,165.185,9573,51.75,98.4,0.712,20.83,36890.66014,32486.82385,24992.73
Jardim Alegre,4112504,jardim-alegrense,JOSE ROBERTO FURLAN,413.386,11067,30.39,98.1,0.689,6.85,35235.56798,29567.08901,23923.39
Jardim Olinda,4112603,jardinolindense,LUCIMAR DE SOUZA MORAIS,128.515,1309,10.96,97.5,0.682,-,15444.02901,12418.31194,29971.91
Jataizinho,4112702,jatainhense,WILSON FERNANDES,159.178,12687,74.60,97.9,0.687,19.74,2822950.30607,25262.39694,17956.90
Jesuítas,4112751,jesuitense,APARECIDO JOSE WEILLER JUNIOR,247.496,8251,36.37,97.6,0.705,10.2,30215.11279,22231.05452,37960.52
Joaquim Távora,4112801,tavorense,REGINALDO VILELA,289.173,12108,37.13,97.4,0.700,11.9,39646.08306,32178.59858,48743.87
Jundiaí do Sul,4112900,jundiaiense-do-sul,ECLAIR RAUEN,320.816,3248,10.70,99,0.688,-,14934.89521,12120.17231,24470.13
Juranda,4112959,jurandense,LEILA MIOTTO AMADEI,354.364,7244,21.85,98.2,0.708,9.71,29497.29092,23482.58446,42752.82
Jussara,4113007,jussarense,ROBISON PEDROSO DA SILVA,210.869,7069,31.35,97,0.718,-,35130.23922,28349.9864,31990.53
Kaloré,4113106,kaloreense,EDMILSON LUIS STENCEL,193.299,3996,23.31,95.9,0.721,20,20449.51506,17856.79084,27531.76
Lapa,4113205,lapeano,DIEGO TIMBIRUSSU RIBAS,2093.859,48651,21.46,98.8,0.706,6.91,152038.316,127433.96912,37484.15
Laranjal,4113254,laranjaense,JOAO ELINTON DUTRA,559.439,5719,11.37,97.2,0.585,11.76,25137.73177,18358.34687,14445.27
Laranjeiras do Sul,4113304,laranjeirense-do-sul,JONATAS FELISBERTO DA SILVA,667.812,32167,45.79,96.3,0.706,9.77,90216.47084,75216.02056,24626.80
Leópolis,4113403,leopolense,ALESSANDRO RIBEIRO,344.918,3896,12.02,98.8,0.707,21.74,20945.91265,16968.23061,34920.57
Lidianópolis,4113429,lidianopolitano,ADAUTO APARECIDO MANDU,151.456,3155,25.04,99.4,0.680,-,16780.8902,13928.82482,25421.03
Lindoeste,4113452,lindo-estense,SILVIO DE SOUZA,347.093,4488,14.84,98.9,0.666,-,23625.5061,20271.97637,35754.63
Loanda,4113502,loandense,JOSÉ MARIA PEREIRA FERNANDES,722.496,23393,29.34,97.9,0.725,6.29,70315.68635,56542.04393,25707.40
Lobato,4113601,lobatense,FABIO CHICAROLI,240.904,4850,18.27,98.8,0.744,-,25303.00329,21942.49535,38509.30
Londrina,4113700,londrinense,MARCELO BELINATI MARTINS,1652.569,580870,306.52,97.3,0.778,11.15,1885135.89707,1810745.5818,37912.12
Luiziana,4113734,luizianense,WILSON ANTONIO TURECK,916.839,7217,8.05,98.1,0.668,-,34716.56864,28726.07875,43269.18
Lunardelli,4113759,lunardelliense,REINALDO GROLA,199.213,4695,25.90,98.5,0.690,-,18659.4804,17288.27907,18799.05
Lupionópolis,4113809,lupionopolense,ANTONIO PELOSO FILHO,121.066,4969,37.93,98.5,0.710,-,20395.76141,17185.46758,20045.22
Mallet,4113908,malletense,MOACIR ALFREDO SZINVELSKI,753.713,13697,17.94,98.5,0.708,-,43637.89765,33377.37529,50674.24
Mamborê,4114005,mamborense,RICARDO RADOMSKI,788.061,12900,17.72,98.8,0.719,13.33,53755.49519,44496.99152,42818.84
Mandaguaçu,4114104,mandaguaçuense,MAURICIO APARECIDO DA SILVA,294.019,23373,67.28,96.8,0.718,11.55,70597.34385,58797.78222,27297.94
Mandaguari,4114203,mandaguariense,IVONÉIA DE ANDRADE APARECIDO FURTADO,335.814,34628,97.25,98.7,0.751,11.52,102767.67968,88203.49454,43488.69
Mandirituba,4114302,mandiritubense,LUIS ANTONIO BISCAIA,379.179,27750,58.60,94.7,0.655,5.41,68008.57966,60168.27808,22698.45
Manfrinópolis,4114351,manfrinopolitano,ILENA DE FATIMA PEGORARO OLIVEIRA,216.415,2442,14.45,98.3,0.645,34.48,17085.54485,14034.69356,21151.17
Mangueirinha,4114401,mangueirinhense,ELIDIO ZIMERMAN DE MORAES,1055.458,16572,16.15,97.6,0.688,14.49,77962.26207,72338.57182,87398.56
Manoel Ribas,4114500,manoel-ribense,JOSE CARLOS DA SILVA CORONA,571.135,13517,23.06,95.6,0.716,5.38,41858.73533,35370.37475,27527.40
Marechal C&acirc;ndido Rondon,4114609,rondonense,MARCIO ANDREI RAUBER,745.748,54031,62.59,98.5,0.774,7.97,194758.44085,158195.37254,44301.02
Maria Helena,4114708,maria-helenense,MARLON RANCER MARQUES,486.224,5593,12.25,97.8,0.703,-,24186.71929,20223.3779,17636.87
Marialva,4114807,marialvense,VICTOR CELSO MARTINI,475.564,36103,67.20,99.2,0.735,14.41,106423.91972,84396.27028,42152.39
Maril&acirc;ndia do Sul,4114906,marilandense,AQUILES TAKEDA FILHO,384.424,8793,23.06,98.7,0.691,26.67,34267.73005,27971.24038,36487.46
Marilena,4115002,marilenense,JOSÉ APARECIDO DA SILVA,232.363,7093,29.51,98.5,0.681,17.54,27155.29445,19637.26467,21331.67
Mariluz,4115101,mariluzense,PAULO ARMANDO DA SILVA ALVES,433.170,10327,23.60,99.1,0.639,33.78,40317.5675,35106.37153,20275.46
Maringá,4115200,maringaense,ULISSES DE JESUS MAIA KOTSIFAS,487.012,436472,733.14,98.4,0.808,9.96,1444416.10224,1243868.00778,45582.78
Mariópolis,4115309,mariopolitano,MARIO EDUARDO LOPES PAULEK,230.365,6655,27.21,97.5,0.698,11.36,31600.48908,24913.6753,44042.53
Maripá,4115358,maripaense,RODRIGO ANDRÉ SCHANOSKI,283.793,5562,20.03,99.6,0.758,10.99,34392.54914,29737.73504,61070.90
Marmeleiro,4115408,marmeleirense,PAULO JAIR PILATI,387.612,14407,35.88,98.1,0.722,15.71,54954.5072,46560.05121,29585.51
Marquinho,4115457,marquinhense,ELIO BOLZON JUNIOR,509.735,4283,9.74,99.4,0.614,14.71,21497.22168,18316.38877,18823.68
Marumbi,4115507,marumbiense,ADHEMAR FRANCISCO REJANI,208.470,4676,22.08,97.1,0.721,17.86,19063.3749,14545.04407,17300.63
Matel&acirc;ndia,4115606,matelandiense,MAXIMINO PIETROBON,639.746,18266,25.13,98.8,0.725,7.63,78061.38254,67476.60999,47094.28
Matinhos,4115705,matinhense,JOSÉ CARLOS DO ESPIRITO SANTO,117.899,35705,249.93,98.7,0.743,15.3,133385.50317,121568.23356,22889.12
Mato Rico,4115739,mato-riquense,EDELIR DE JESUS RIBEIRO DA SILVA,394.533,3142,9.68,97.1,0.632,-,22448.28135,17729.92864,21953.43
Mauá da Serra,4115754,mauaense da serra,HERMES WICTHOFF,108.324,10994,78.98,98.6,0.652,17.96,32436.63675,27700.93926,29157.13
Medianeira,4115804,medianeirense,ANTONIO FRANçA BENJAMIM,328.732,46940,127.21,98.7,0.763,15.8,159297.58977,143716.96502,42295.89
Mercedes,4115853,mercedense,LAERTON WEBER,197.136,5617,25.12,99.6,0.740,-,33204.9214,30517.54926,35575.21
Mirador,4115903,miradorense,FABIANO MARCOS DA SILVA TRAVAIN,221.708,2180,10.50,97.2,0.680,-,17090.60166,14118.68908,45844.52
Miraselva,4116000,miraselvano,ROGÉRIO APARECIDO DA SILVA,90.294,1786,20.62,99.6,0.748,-,14141.09837,11105.70987,22522.43
Missal,4116059,missalense,ADILTO LUIS FERRARI,324.397,10706,32.29,97.5,0.711,26.32,54189.81518,48388.48456,34102.36
Moreira Sales,4116109,moreira-salense,RAFAEL BRITO DO PRADO,353.772,11966,35.63,98.3,0.675,-,38227.82319,32444.92382,24678.09
Morretes,4116208,morretense,SEBASTIAO BRINDAROLLI JUNIOR,684.580,16485,22.96,96.6,0.686,-,51271.95367,44732.41383,21433.48
Munhoz de Melo,4116307,munhozense,GERALDO GOMES,137.018,4034,26.80,98.4,0.726,23.81,22213.15287,19906.0603,24434.74
Nossa Senhora das Graças,4116406,gracense,CLODOALDO APARECIDO RIGIERI,185.769,4009,20.65,97.1,0.709,-,16453.05885,12831.82563,18574.49
Nova Aliança do Ivaí,4116505,ivaiense,ULISSES DE SOUZA,131.272,1560,10.90,97.5,0.717,-,49.92759,9840.48069,26697.52
Nova América da Colina,4116604,nova-americanense,SEBASTIãO ROGATTI,129.476,3424,26.86,97.8,0.698,20.41,18085.36284,16510.11051,22018.09
Nova Aurora,4116703,nova-aurorense,JOSÉ APARECIDO DE PAULA E SOUZA,474.011,10131,25.03,95.8,0.733,-,47890.00978,41765.87261,53014.47
Nova Cantu,4116802,nova-cantuense,AIRTON ANTONIO AGNOLIN,555.488,4827,13.37,96.8,0.658,-,24223.21238,20876.86002,37467.13
Nova Esperança,4116901,nova-esperancense,MOACIR OLIVATTI,401.587,28062,66.27,98.7,0.722,10.93,79861.27297,66246.23065,26324.58
Nova Esperança do Sudoeste,4116950,novaesperancense,JAIME DA SILVA STANG,208.472,5014,24.45,98.6,0.714,13.16,23377.9069,21677.53692,22386.84
Nova Fátima,4117008,fatimense,ROBERTO CARLOS MESSIAS,283.423,8120,28.75,99.3,0.688,12.5,24663.21925,21469.92258,26476.60
Nova Laranjeiras,4117057,nova laranjeirense,FABIO ROBERTO DOS SANTOS,1210.205,11462,9.81,95.5,0.642,16.76,36804.43915,32681.20697,19118.69
Nova Londrina,4117107,nova-londrinense,OTAVIO HENRIQUE GRENDENE BONO,269.389,13188,48.51,98.6,0.758,17.24,40482.05286,36500.47469,26130.55
Nova Olímpia,4117206,novaolimpiense,LUIZ LAZARO SORVOS,136.347,5846,40.36,98.8,0.710,38.46,23949.61078,21751.15971,15814.54
Nova Santa Bárbara,4117214,bárbaraense,CLAUDEMIR VALERIO,71.764,4304,54.46,97.6,0.680,-,17082.16973,15063.70159,19148.28
Nova Santa Rosa,4117222,nova-santa-rosense,NORBERTO PINZ,204.665,8311,37.26,99.5,0.731,27.78,37622.68914,29499.38721,41109.38
Nova Prata do Iguaçu,4117255,pratense,ADROALDO HOFFELDER,352.565,10540,29.43,97.9,0.716,8.47,54417.14579,44049.69363,30312.93
Nova Tebas,4117271,nova-tebense,CLODOALDO FERNANDES DOS SANTOS,545.686,5252,13.56,97.5,0.651,-,27079.05443,23754.9971,23235.39
Novo Itacolomi,4117297,itacolomiense,MOACIR ANDREOLLA,161.411,2836,17.51,97.9,0.710,-,20445.70997,14705.44985,24005.78
Ortigueira,4117305,ortigueirense,ARY DE OLIVEIRA MATTOS,2429.564,21783,9.62,95.1,0.609,9.09,80217.04126,75449.0705,131023.33
Ourizona,4117404,ourizonense,MANOEL RODRIGO AMADO,176.457,3423,19.15,96.9,0.720,-,20182.40734,16014.49816,28896.69
Ouro Verde do Oeste,4117453,ouro-verdense,LUCIAN ALUISIO DIERINGS,293.042,6036,19.42,98.8,0.709,12.2,25096.64393,20476.70783,29760.53
Paiçandu,4117503,paiçanduense,ISMAEL BATISTA,171.379,42251,209.69,97.2,0.716,14.75,93162.11297,85801.88702,20062.32
Palmas,4117602,palmense,KOSMOS PANAYOTIS NICOLAOU,1557.903,52503,27.53,92.8,0.660,5.77,116315.80906,106307.78861,22797.44
Palmeira,4117701,palmeirense,SERGIO LUIS BELICH,1470.072,34109,22.04,95.5,0.718,5.93,125473.13157,105541.0411,39712.01
Palmital,4117800,palmitalense,VALDENEI DE SOUZA,817.647,12755,18.18,97,0.639,10.31,50416.17585,39523.83444,19234.27
Palotina,4117909,palotinense,LUIZ ERNESTO DE GIACOMETTI,651.238,32389,44.04,99.4,0.768,11.09,142966.5598,119493.4871,67284.29
Paraíso do Norte,4118006,paraisense-do-norte,CARLOS ALBERTO VIZZOTTO,204.564,14211,57.55,97.7,0.746,29.41,36980.07935,35301.53244,23364.60
Paranacity,4118105,paranacitense,WALDEMAR NAVES COCCO JUNIOR,348.631,11685,29.40,99,0.717,15.15,34058.90876,28259.08562,29032.51
Paranaguá,4118204,parnanguara,MARCELO ELIAS ROQUE,826.431,157378,169.92,98,0.750,8.61,507004.55109,420733.90483,62846.15
Paranapoema,4118303,paranapoemense,SIDNEI FRAZATTO,175.875,3277,15.87,98.5,0.709,-,17470.43807,14949.62586,19111.70
Paranavaí,4118402,paranavaiense,CARLOS HENRIQUE ROSSATO GOMES,1202.266,89454,67.86,98.7,0.763,11.66,243933.15842,203877.67581,30396.71
Pato Bragado,4118451,pato bragadense,LEOMAR ROHDEN,135.600,5755,35.64,100,0.747,-,41615.83166,34289.60888,30416.65
Pato Branco,4118501,pato-branquense,ROBSON CANTU,539.087,84779,134.25,98.7,0.782,16.07,289645.24042,271976.62946,48310.90
Paula Freitas,4118600,paula-freitense,SEBASTIAO ALGACIR DALPRA,421.409,5942,12.89,98,0.717,-,22192.45681,17054.3647,47695.42
Paulo Frontin,4118709,frontinense,JAMIL PECH,369.862,7418,18.69,99.4,0.708,-,24255.45041,19826.77809,43590.66
Peabiru,4118808,peabiruense,JULIO CEZAR FRARE,468.594,14017,29.07,98,0.723,12.12,47358.64013,40945.41073,22630.63
Perobal,4118857,perobalense,ALMIR DE ALMEIDA,409.050,6194,13.87,98.1,0.713,18.69,29244.16152,22807.05344,29873.64
Pérola,4118907,perolense,VALDETE CARLOS OLIVEIRA GONçALVES DA CUNHA,240.635,11406,42.42,99.4,0.700,18.99,48629.16663,45969.71183,40850.36
Pérola d'Oeste,4119004,pérolatense,EDSOM LUIZ BAGETTI,205.279,6232,32.81,99.1,0.726,11.76,22251.95833,18878.2716,24596.53
Piên,4119103,pienense,MAICON GROSSKOPF,254.792,13015,44.10,97.5,0.694,-,45208.53981,36953.55215,65847.99
Pinhais,4119152,pinhaense,MARLY PAULINO FAGUNDES,60.869,134788,1922.42,97.2,0.751,7.85,425571.8963,342565.14906,48884.67
Pinhalão,4119202,pinhalense ou pinhalãoense,DIONISIO ARRAIS DE ALENCAR,220.625,6323,28.17,99.4,0.697,11.11,25504.39798,23056.71497,24307.81
Pinhal de São Bento,4119251,pinhalense,PAULO FALCADE DE OLIVEIRA,97.463,2742,26.93,99.6,0.695,-,17153.34597,15663.99497,20088.36
Pinhão,4119301,pinhãoense,JOSE VITORINO PRESTES,2001.588,32722,15.09,96,0.654,18.62,151305.9101,91480.39712,48578.45
Piraí do Sul,4119400,piraiense,HENRIQUE DE OLIVEIRA CARNEIRO,1345.417,25779,16.69,97.5,0.708,8.7,75050.1755,60151.77448,31884.30
Piraquara,4119509,piraquarense,JOSIMAR APARECIDO KNUPP FROES,227.042,116852,410.52,96.5,0.700,19.28,232316.49476,189600.04113,12388.67
Pitanga,4119608,pitanguense,MAICOL GEISON CALLEGARI RODRIGUES BARBOSA,1663.747,29686,19.62,99,0.702,8.55,93832.16007,80074.38374,28612.29
Pitangueiras,4119657,pitangueirense,SAMUEL TEIXEIRA,123.229,3298,22.84,100,0.710,-,16477.70771,14965.86517,27795.70
Planaltina do Paraná,4119707,planaltinense,CELSO MAGGIONI,356.192,4281,11.50,100,0.705,-,18839.19157,14331.77309,24196.76
Planalto,4119806,planaltense,LUIZ CARLOS BONI,346.241,13385,39.49,99.8,0.706,6.29,42089.39208,34234.2775,23639.44
Ponta Grossa,4119905,ponta-grossense,ELIZABETH SILVEIRA SCHMIDT,2054.732,358838,150.72,98.2,0.763,13.01,926888.98732,750895.54059,44361.09
Pontal do Paraná,4119954,pontalense,RUDISNEY GIMENES FILHO,200.410,28529,104.67,97.4,0.738,14.49,105766.7514,81703.4435,32769.62
Porecatu,4120002,porecatuense,FáBIO LUIZ ANDRADE,291.663,12587,48.65,96.9,0.738,17.86,37524.56964,33063.43802,46861.10
Porto Amazonas,4120101,porto-amazonense,ELIAS JOCID GOMES DA COSTA,186.581,4899,24.19,97.8,0.700,-,18436.23232,14448.7739,23467.99
Porto Barreiro,4120150,porto barreirense,EMANOEL VANDERLEI VOLFF,361.020,3133,10.15,99.5,0.688,21.28,21677.98952,19036.66176,33474.87
Porto Rico,4120200,porto-riquense,ALVARO DE FREITAS NETTO,217.676,2554,11.62,97.1,0.735,-,20286.56981,16800.38197,29476.99
Porto Vitória,4120309,porto-vitoriense,MARISA DE FáTIMA ILKIU DE SOUZA,213.013,4057,18.87,98,0.685,-,18757.99601,15309.32598,16830.35
Prado Ferreira,4120333,prado ferreirense,MARIA EDNA DE ANDRADE,153.399,3806,22.39,97.8,0.710,15.63,18895.98306,16266.99224,31699.05
Pranchita,4120358,pranchitano,ELOIR NELSON LANGE,226.140,5035,24.92,99.6,0.752,11.11,23661.89432,19031.44436,38984.45
Presidente Castelo Branco,4120408,castelo-branquense,JOAO PERICLES MARTINATI,155.734,5395,30.72,99,0.713,13.89,19575.69375,15936.60944,28530.51
Primeiro de Maio,4120507,primaiense,BRUNA DE OLIVEIRA CASANOVA,414.442,11138,26.14,97.2,0.701,11.76,35773.37522,31074.3485,26565.37
Prudentópolis,4120606,prudentopolitano,OSNEI STADLER,2247.141,52776,21.14,97,0.676,10.15,141101.76527,116406.2235,24214.31
Quarto Centenário,4120655,quarto centenariense,WILSON AKIO ABE,321.875,4420,15.09,98.3,0.710,-,24934.54112,21950.47844,48439.37
Quatiguá,4120705,quatiguaense,ADELITA PARMEZAN DE MORAES,112.689,7504,62.52,99,0.714,10.53,28492.05438,22639.88945,26119.19
Quatro Barras,4120804,quatro-barrense,LORENO BERNARDO TOLARDO,180.471,24253,110.00,97.1,0.742,3.31,97951.49925,77892.14351,66966.03
Quatro Pontes,4120853,quatro pontense,JOãO INáCIO LAUFER,114.393,4043,33.25,99.2,0.791,-,25315.75667,22552.01591,42786.53
Quedas do Iguaçu,4120903,quedas-iguaçuense-,ELCIO JAIME DA LUZ,821.503,34707,37.25,97.1,0.681,27.03,84152.19385,69001.54805,38015.77
Querência do Norte,4121000,querenciano,ROZINEI APARECIDA RAGGIOTTO OLIVEIRA,914.763,12257,12.82,99.1,0.688,18.52,41828.1282,34107.04326,18034.21
Quinta do Sol,4121109,quinta-solense,LEONARDO LAZZARETTI ROMERO,326.177,4444,15.60,96.1,0.715,-,24944.90042,20841.254,35722.85
Quitandinha,4121208,quitandinhense,JOSE RIBEIRO DE MOURA,447.024,19388,38.23,98.4,0.680,4.33,57595.01717,44941.35773,21372.01
Ramil&acirc;ndia,4121257,ramilandiense,EDSON DOS SANTOS,237.196,4500,17.43,97.8,0.630,12.99,19584.55801,16382.7075,18437.68
Rancho Alegre,4121307,alegrense,FERNANDO CARLOS COIMBRA,167.646,3760,23.59,98.3,0.707,-,14338.7999,12474.24255,31645.64
Rancho Alegre D'Oeste,4121356,rancho alegrense,ADAO ARISTEU CENIZ,241.386,2602,11.79,98.6,0.704,-,18243.9865,14460.10912,50132.53
Realeza,4121406,realezense,PAULO CEZAR CASARIL,353.416,16976,46.23,97.4,0.722,-,55116.00104,46095.57583,36502.94
Rebouças,4121505,reboucense,LUIZ EVERALDO ZAK,481.840,14991,29.42,98.3,0.672,10.15,41664.23655,35125.86284,25723.74
Renascença,4121604,renascenseano,IDALIR JOãO ZANELLA,425.273,6772,16.02,97.7,0.733,-,30699.80018,22702.44618,37962.99
Reserva,4121703,reservense,LUCAS MACHADO RIBEIRO,1635.522,26933,15.39,96.2,0.618,8.02,77396.35639,65223.19814,22585.77
Reserva do Iguaçu,4121752,reservense do iguaçu,VITORIO ANTUNES DE PAULA,834.232,8127,8.76,98.3,0.648,9.71,49669.70105,26053.39297,20842.56
Ribeirão Claro,4121802,ribeirão-clarense,JOãO CARLOS BONATO,629.224,10622,16.97,98.2,0.716,14.08,44120.90076,37875.14433,39231.49
Ribeirão do Pinhal,4121901,ribeiro-pinhalense,DARTAGNAN CALIXTO FRAIZ,374.732,12869,36.09,98.5,0.701,6.06,33306.44214,28139.02566,18100.32
Rio Azul,4122008,rio-azulense,LEANDRO JASINSKI,599.056,15433,22.38,96.2,0.687,23.39,51188.30827,42120.0225,41222.54
Rio Bom,4122107,rio-bonense,MOISÉS JOSÉ DE ANDRADE,177.836,3162,18.75,100,0.729,29.41,15996.76328,13241.87811,21272.72
Rio Bonito do Iguaçu,4122156,rio bonitense,SEZAR AUGUSTO BOVINO,681.406,13240,18.31,97.6,0.629,4.2,45437.55949,35662.16522,23282.77
Rio Branco do Ivaí,4122172,riobranquense,PEDRO TABORDA DESPLANCHES,382.329,4121,10.20,97.2,0.640,19.23,18032.12746,15988.32186,19432.76
Rio Branco do Sul,4122206,rio-branquense,KARIME FAYAD,812.288,32635,37.73,93.9,0.679,17.89,98734.18976,85769.08043,37965.68
Rio Negro,4122305,rio-negrense,JAMES KARSON VALÉRIO,604.138,34645,51.77,98.2,0.760,5.19,106116.66773,85503.12393,36276.33
Rol&acirc;ndia,4122404,rolandense,AILTON APARECIDO MAISTRO,459.024,68165,126.05,97.5,0.739,14.08,215692.6735,165168.43291,41850.38
Roncador,4122503,roncadorense,VIVALDO LESSA MOREIRA,742.121,9447,15.55,98.7,0.681,20.27,49910.71951,34234.29979,39279.10
Rondon,4122602,rondonense,ROBERTO APARECIDO CORREDATO,555.125,9664,16.18,97,0.713,9.35,33153.11714,27851.13874,34230.29
Rosário do Ivaí,4122651,rosariense,ILTON SHIGUEMI KURODA,371.250,4595,15.05,96.8,0.662,15.15,20029.87618,15601.92098,19023.22
Sabáudia,4122701,sabaudiense,MOISES SOARES RIBEIRO,190.329,6954,32.03,98.6,0.740,18.52,31046.72779,24523.30188,74753.50
Salgado Filho,4122800,salgadense,VOLMAR DUARTE,189.315,3389,23.26,98.3,0.700,-,20095.44354,16623.70535,26176.13
Salto do Itararé,4122909,saltense-do-itararé,PAULO SERGIO FRAGOSO DA SILVA,200.520,4862,25.82,98.5,0.704,14.08,16529.05723,14805.10766,15598.48
Salto do Lontra,4123006,salto-lontrense,FERNANDO ALBERTO CADORE,312.717,14957,43.77,96.5,0.718,-,45169.85628,37569.34534,25169.77
Santa Amélia,4123105,ameliense,ANTONIO CARLOS TAMAIS,78.045,3208,48.73,96.9,0.653,-,16309.26714,13358.09157,22861.92
Santa Cecília do Pavão,4123204,pavonense,EDIMAR APARECIDO PEREIRA DOS SANTOS,110.199,3253,33.09,97.7,0.723,21.74,16444.67984,13872.9317,33902.12
Santa Cruz de Monte Castelo,4123303,monte-castelense,FRANCISCO ANTONIO BONI,442.013,7705,18.31,98.7,0.710,-,31909.1111,24817.76499,35262.52
Santa Fé,4123402,santa-feense,FERNANDO BRAMBILLA,276.241,12330,37.76,97.9,0.705,15.15,40052.84532,32390.81219,22839.10
Santa Helena,4123501,santa-helenense,EVANDRO MIGUEL GRADE,754.701,27036,30.88,99.4,0.744,14.58,170494.37728,126426.3839,36940.60
Santa Inês,4123600,santa-ineense,BRUNO VIEIRA LUVISOTTO,156.935,1568,13.13,100,0.717,-,14576.63581,12176.3057,27485.42
Santa Isabel do Ivaí,4123709,santa-isabelense,FREONIZIO VALENTE,349.497,8484,25.06,100,0.720,10.31,28812.0345,22819.18841,22110.85
Santa Izabel do Oeste,4123808,santa-izabelense,JEAN PIERR CATTO,321.182,14924,40.89,97.1,0.696,12.5,52947.8525,41803.09954,23152.68
Santa L&uacute;cia,4123824,santaluciense,RENATO TONIDANDEL,129.399,3795,33.59,97.1,0.687,-,21696.66993,19673.06748,30455.26
Santa Maria do Oeste,4123857,santa-mariense,OSCAR DELGADO,836.669,9210,13.58,95.5,0.609,-,31965.07577,25893.14707,17016.91
Santa Mariana,4123907,santa-marianense,JOSÉ MARCELO PIOVAN GUIMARãES,427.193,11523,29.11,98.2,0.700,20.13,36332.75222,34619.37506,31161.98
Santa Mônica,4123956,moniquense,LUAN GUSTAVO FRAZATTO,259.957,4052,13.74,99.7,0.704,57.69,21845.64629,16522.43809,21237.26
Santana do Itararé,4124004,santanense,JOSE DE JESUZ IZAC,251.269,4916,20.89,97.5,0.687,12.2,19938.9134,17366.85614,19798.76
Santa Tereza do Oeste,4124020,santa-terezense,ELIO MARCINIAK,326.190,10055,31.67,97.7,0.705,11.11,40131.26274,35284.35504,37355.25
Santa Terezinha de Itaipu,4124053,itaipuense,KARLA FRANCIELI GALENDE,259.393,23927,80.35,99.6,0.738,8.75,85631.00619,69511.06018,24855.93
Santo Antônio da Platina,4124103,platinense,JOSE DA SILVA COELHO NETO,721.472,46503,59.19,96.2,0.718,6.62,108216.25894,92119.02687,27182.25
Santo Antônio do Caiuá,4124202,santo-antoniense,JOSÉ GABRIEL GONçALVES FACHIANO,219.068,2611,12.45,98,0.696,31.25,14957.631,11650.88131,19333.91
Santo Antônio do Paraíso,4124301,santo-antoniense,DEVANIR MARTINELLI,165.904,2032,14.51,97.7,0.716,50,15963.18568,13025.54611,32946.71
Santo Antônio do Sudoeste,4124400,santo-antoniense,RICARDO ANTONIO ORTI&Ntilde;A,325.651,20354,58.00,96.6,0.671,7.3,63798.18728,56891.30691,24890.95
Santo Inácio,4124509,santo-inaciense,GENY VIOLATTO,280.133,5422,17.17,99.3,0.739,22.47,27888.65199,22677.5003,62233.49
São Carlos do Ivaí,4124608,são-carlense,JOSÉ LUIZ SANTOS,225.079,6961,28.23,98.2,0.682,-,28879.35003,25068.01968,46166.50
São Jerônimo da Serra,4124707,jeronimense,VENICIUS DJALMA ROSA,823.774,11088,13.76,96.2,0.637,13.89,31164.04765,25830.96107,19048.82
São João,4124806,são-joanense,CLOVIS MATEUS CUCCOLOTTO,388.059,10122,27.31,97.6,0.727,19.48,43804.52261,35968.61909,68497.31
São João do Caiuá,4124905,caiuense,STEFAN TOME PAUKA,304.413,5819,19.42,95,0.664,28.17,19057.62125,15998.41928,22764.54
São João do Ivaí,4125001,são-joanense,CARLA SUZI EMERENCIANO,353.331,9897,32.62,98.7,0.693,18.02,37474.10736,29393.89143,25658.82
São João do Triunfo,4125100,triunfense,ABIMAEL DO VALLE,720.407,15359,19.02,96.9,0.629,5.08,41574.81288,36127.52848,33833.14
São Jorge d'Oeste,4125209,são-jorgense ou jorgense,LEILA APARECIDA DA ROCHA,379.545,9005,23.94,98.9,0.722,-,51126.19488,41882.76379,31711.18
São Jorge do Ivaí,4125308,são-jorgense,AGNALDO CARVALHO GUIMARAES,315.088,5535,17.51,98.4,0.743,-,26959.24204,23256.3725,47036.48
São Jorge do Patrocínio,4125357,patrocinense,JOSE CARLOS BARALDI,404.690,5532,14.93,97.2,0.676,12.05,40343.7184,29544.98331,22108.61
São José da Boa Vista,4125407,boa-vistense,JOSÉ LAZARO FERRAZ,399.667,6115,16.29,99.2,0.671,-,23499.10719,21752.1652,23575.66
São José das Palmeiras,4125456,são-joseliense,NELTON BRUM,182.419,3601,21.00,99.5,0.713,-,17947.11514,14640.28458,20952.05
São José dos Pinhais,4125506,são-joseense,MARGARIDA MARIA SINGER,946.435,334620,279.16,97.4,0.758,8.35,1088031.38472,927029.43084,92666.20
São Manoel do Paraná,4125555,são manoelense,AGNALDO TREVISAN,95.381,2165,22.00,97.8,0.725,-,20782.43149,16837.85645,25321.24
São Mateus do Sul,4125605,são-mateuense,FERNANDA GARCIA SARDANHA,1341.714,47137,30.75,97.6,0.719,5.18,140758.93869,103354.8364,27743.54
São Miguel do Iguaçu,4125704,são-miguelense,BOAVENTURA MANOEL JOAO MOTTA,851.917,27696,30.27,99,0.704,9.3,116421.18432,104152.89182,39875.96
São Pedro do Iguaçu,4125753,São pedrense,JOSÉ AROLDO MALVESTIO,308.324,5745,21.05,97.3,0.683,-,23006.61637,18568.07813,31218.46
São Pedro do Ivaí,4125803,ivaiense,MARIA REGINA DELLA ROSA MAGRI,322.692,11109,31.51,97.6,0.717,10.64,33555.62415,29018.40357,27889.48
São Pedro do Paraná,4125902,são-pedrense,NEILA DE FATIMA LUIZAO FERNANDES,250.654,2265,9.94,100,0.704,-,20679.97631,16676.83922,28661.38
São Sebastião da Amoreira,4126009,amoreirense,EXILAINE GASPAR,227.982,8865,37.84,99,0.715,10.99,25624.73857,20740.9024,24990.70
São Tomé,4126108,são-tomeense,OCELIO CESAR FERREIRA LEITE,218.623,5778,24.47,98.7,0.725,31.75,29264.12453,27978.8575,29323.21
Sapopema,4126207,sapopemense,PAULO MAXIMIANO DE SOUZA JUNIOR,677.609,6708,9.94,96.7,0.655,12.5,23854.10908,20416.97823,16003.45
Sarandi,4126256,sarandiense,WALTER VOLPATO,103.501,98888,800.74,96.3,0.695,14.5,217297.36995,177788.87404,17895.34
Saudade do Iguaçu,4126272,saudadense,DARLEI TRENTO,152.084,5578,33.06,99,0.699,-,49523.56827,44499.06805,161582.88
Sengés,4126306,sengeano,NELSON FERREIRA RAMOS,1441.333,19441,12.81,97.7,0.663,3.8,57112.14103,46157.20937,23146.13
Serranópolis do Iguaçu,4126355,serranopolitano,IVO ROBERTI,482.394,4460,9.44,100,0.762,-,29443.5712,25374.94629,46480.15
Sertaneja,4126405,sertanejano,JAMISON DONIZETE DA SILVA,444.492,5149,13.09,99.6,0.725,-,30526.38201,26486.99311,54174.20
Sertanópolis,4126504,sertanopolense,ANA RUTH SECCO,505.532,16456,30.93,97.1,0.723,4.93,62567.83107,56511.76848,42814.91
Siqueira Campos,4126603,siqueirense,LUIZ HENRIQUE GERMANO,278.035,21476,66.37,97.5,0.704,16.72,61000.99279,51883.23567,26454.55
Sulina,4126652,sulinense,PAULO HORN,170.759,2880,19.88,99.2,0.693,-,20098.25066,17344.18985,33431.62
Tamarana,4126678,tamaranense,LUZIA HARUE SUZUKAWA,472.155,15277,25.97,94.4,0.621,5.68,39689.56157,33064.95218,20244.07
Tamboara,4126702,tamboarense,ANTONIO CARLOS CAUNETO,193.346,5196,24.12,98.3,0.731,-,20204.16999,17119.3188,23532.96
Tapejara,4126801,tapejarense,RODRIGO DE OLIVEIRA SOUZA KOIKE,591.399,16480,24.68,98.3,0.703,27.78,50743.61432,43030.17544,32376.98
Tapira,4126900,tapirense,CLAUDIO SIDINEY DE LIMA,434.371,5452,13.44,99.2,0.697,25.97,25763.95988,22536.13642,23644.23
Teixeira Soares,4127007,teixeira-soarense,LUCINEI CARLOS THOMAZ,902.793,12761,11.39,96.8,0.671,7.46,43229.69219,36435.25281,30454.31
Telêmaco Borba,4127106,telêmaco-borbense,MARCIO ARTUR DE MATOS,1382.860,80588,50.53,98.4,0.734,8.87,260173.85717,205589.45144,45262.30
Terra Boa,4127205,terra-bonense,EDMILSON PEDRO DE MOURA,320.850,17304,49.17,98.8,0.728,21.46,56658.3206,48482.36056,27304.94
Terra Rica,4127304,terra-riquense,JULIO CESAR DA SILVA LEITE,700.599,17054,21.73,98.8,0.710,5.46,60844.79138,51237.93434,22053.46
Terra Roxa,4127403,terra-roxense,IVAN REIS DA SILVA,800.807,17562,20.93,97.7,0.714,-,73384.75842,63316.9979,35701.23
Tibagi,4127502,tibagiense,ARTUR RICARDO NOLTE,2951.567,20688,6.55,96.6,0.664,23.03,100971.26924,76061.2327,41034.48
Tijucas do Sul,4127601,tijucano-do-sul,JOSÉ ALTAIR MOREIRA,671.889,17295,21.64,97.2,0.636,4.02,47904.56132,42981.7834,19467.06
Toledo,4127700,toledano,LUIS ADALBERTO BETO LUNITTI PAGNUSSATT,1198.049,144601,99.68,98.8,0.768,10.62,538229.17825,437952.68102,44016.71
Tomazina,4127809,tomazinense,FLAVIO XAVIER DE LIMA ZANROSSO,591.438,7699,14.86,98.4,0.699,12.35,26008.29575,20858.51625,25496.39
Três Barras do Paraná,4127858,tribarrense,GERSO FRANCISCO GUSSO,505.505,12036,23.45,98.3,0.681,11.3,46330.26474,41646.36392,27064.98
Tunas do Paraná,4127882,tunense,MARCO ANTONIO BALDãO,668.478,9269,9.36,97.4,0.611,15.04,24012.12047,18836.31208,13604.11
Tuneiras do Oeste,4127908,tuneirense,TAKETOSHI SAKURADA,698.871,8502,12.44,97.7,0.695,-,29703.10854,22943.53533,21904.77
Tupãssi,4127957,tupãssiense,LUIZ CARLOS BELETTI,299.769,8105,25.72,98.5,0.730,-,34527.4197,29925.62429,40264.65
Turvo,4127965,turvense,JERONIMO GADENS DO ROSARIO,938.966,12977,15.07,97.5,0.672,5.29,53288.80341,39539.11264,32652.63
Ubiratã,4128005,ubiratense,FABIO DE OLIVEIRA DALECIO,652.581,20809,33.03,97.7,0.739,9.68,82142.45535,71666.22017,44361.58
Umuarama,4128104,umuaramense,CELSO LUIZ POZZOBOM,1234.537,113416,81.67,97.9,0.761,16.15,370494.05567,308787.62195,33320.17
União da Vitória,4128203,união-vitoriense,BACHIR ABBAS,719.998,58298,73.24,98.2,0.740,9.43,185584.80326,165968.53782,27892.18
Uniflor,4128302,uniflorense,JOSE BASSI NETO,94.819,2623,26.01,98.3,0.720,37.04,16685.73569,14691.4441,24991.58
Uraí,4128401,uraiense,ANGELO TARANTINI FILHO,237.810,11233,48.24,98.6,0.721,30,24200.98516,23464.275,24113.64
Wenceslau Braz,4128500,brazense,ATAHYDE FERREIRA DOS SANTOS JUNIOR,397.916,19358,48.50,98.2,0.687,6.99,54349.14374,49337.14724,27870.14
Ventania,4128534,ventaniense,ANTONIO HELLY SANTIAGO,819.334,12267,13.11,95.7,0.650,14.71,31377.76781,26349.01334,20467.55
Vera Cruz do Oeste,4128559,vera-cruzense,MARCOS VILAS BOAS PESCADOR,327.090,8389,27.43,97.7,0.699,-,28854.28413,23401.88872,27934.28
Verê,4128609,vereense,ADEMILSO ROSIN,311.801,7094,25.27,98.1,0.720,21.28,34659.27348,31170.78262,39178.09
Alto Paraíso,4128625,altoparaisense,DERCIO JARDIM JUNIOR,967.772,2630,3.31,99.4,0.678,17.24,26384.37245,22969.20498,33237.18
Doutor Ulysses,4128633,ulyssense,MOISEIS BRANCO DA SILVA,777.482,5525,7.33,94.4,0.546,14.71,20683.23057,15683.6924,12385.52
Virmond,4128658,virmondense,NEIMAR GRANOSKI,249.094,4051,16.24,99.5,0.722,16.39,17839.87906,15455.71253,33986.43
Vitorino,4128708,vitorinense,MARCIANO VOTTRI,308.218,6879,21.13,97.4,0.702,16.81,27644.17905,24484.02504,51168.76
Xambrê,4128807,xambrense,DECIO JARDIM,359.712,5584,16.71,98.6,0.706,13.51,21321.47699,17509.37545,16780.39