paciente_endereco_coIbgeMunicipio,paciente_endereco_coIbgeMunicipio
110001,335
110002,1988
110003,59
110004,1262
110005,254
110006,195
110007,63
110008,97
110009,172
110010,221
110011,714
110012,2008
110013,338
110014,258
110015,521
110018,497
110020,4571
110025,308
110026,35
110028,1079
110029,63
110030,1840
110032,205
110033,117
110034,135
110037,142
110040,270
110045,313
110050,127
110060,40
110070,69
110080,90
110090,26
110092,109
110094,131
110100,61
110110,98
110120,48
110130,148
110140,157
110143,58
110145,51
110146,11
110147,74
110148,51
110149,201
110150,100
110155,26
110160,32
110170,104
110175,57
110180,31
120001,98
120005,29
120010,381
120013,5
120017,27
120020,286
120025,69
120030,34
120032,6
120033,17
120034,12
120035,20
120038,65
120039,4
120040,2979
120042,11
120043,7
120045,70
120050,37
120060,24
120070,13
120080,16
130002,8
130006,4
130014,121
130030,61
130040,21
130050,26
130060,24
130063,8
130068,27
130070,30
130080,52
130083,10
130090,15
130100,4
130110,51
130115,11
130120,57
130130,12
130140,31
130150,23
130160,20
130165,6
130170,173
130180,7
130185,73
130190,190
130195,5
130200,19
130210,8
130240,34
130250,105
130255,16
130260,12218
130270,26
130280,7
130290,44
130300,31
130310,45
130320,6
130330,21
130340,137
130350,9
130353,100
130356,95
130370,12
130380,192
130390,19
130395,11
130400,5
130406,132
130410,6
130420,162
130423,5
130426,13
130430,33
130440,9
140002,23
140005,23
140010,6487
140015,37
140017,19
140020,68
140023,25
140028,16
140030,27
140040,1
140045,1847
140047,79
140050,14
140060,16
140070,2
150010,352
150013,11
150020,42
150030,52
150034,20
150040,69
150050,171
150060,657
150070,13
150080,2669
150085,43
150090,106
150095,41
150110,16
150120,40
150125,6
150130,835
150140,8264
150145,20
150150,279
150157,15
150160,18
150170,864
150172,76
150178,106
150180,160
150190,33
150195,37
150200,16
150210,181
150215,189
150220,189
150230,37
150240,840
150250,3
150260,51
150270,109
150275,35
150276,15
150277,26
150280,22
150285,35
150290,45
150293,134
150295,28
150300,5
150304,27
150307,13
150309,42
150310,14
150320,121
150330,37
150340,28
150345,50
150350,59
150360,313
150370,36
150375,9
150380,69
150390,49
150400,4
150405,107
150410,10
150420,674
150430,30
150440,74
150442,497
150445,67
150450,19
150460,39
150470,132
150475,17
150480,188
150490,16
150495,20
150497,17
150500,22
150503,386
150506,54
150510,32
150520,108
150530,78
150540,34
150543,83
150548,53
150549,2
150550,283
150553,684
150555,7
150560,9
150563,8
150565,50
150570,50
150580,281
150590,28
150600,64
150610,31
150611,60
150613,301
150616,47
150618,64
150619,130
150620,143
150630,34
150635,166
150650,237
150655,23
150658,18
150660,45
150670,94
150680,988
150690,31
150700,56
150710,54
150715,28
150720,47
150730,65
150740,41
150745,57
150746,30
150747,52
150750,10
150760,86
150770,24
150775,8
150780,22
150790,24
150795,132
150796,38
150797,25
150800,139
150803,631
150805,84
150808,79
150810,464
150812,72
150815,159
150820,128
150830,150
150835,37
150840,127
160005,31
160010,18
160015,26
160020,28
160021,10
160023,31
160025,5
160027,221
160030,3936
160040,27
160050,35
160053,135
160055,9
160060,665
160070,28
160080,65
170025,10
170030,23
170035,23
170040,5
170070,43
170100,10
170110,10
170130,9
170190,24
170200,7
170210,462
170215,14
170220,45
170230,28
170240,8
170255,47
170270,4
170290,20
170300,21
170305,2
170307,41
170310,33
170320,14
170330,23
170370,6
170380,8
170382,4
170384,19
170386,7
170388,7
170390,11
170550,126
170560,5
170600,9
170610,12
170650,19
170700,55
170710,41
170720,7
170740,7
170755,7
170765,3
170770,26
170820,43
170825,26
170830,21
170900,24
170930,168
170950,272
170980,6
171050,3
171070,4
171110,3
171150,3
171190,38
171195,7
171200,10
171250,10
171270,5
171280,13
171320,105
171330,53
171360,10
171380,24
171395,6
171420,31
171430,5
171488,19
171500,17
171510,7
171525,10
171570,19
171575,11
171610,145
171620,10
171630,8
171650,94
171660,45
171665,3
171670,10
171720,9
171750,9
171790,18
171800,9
171820,268
171830,24
171840,6
171845,15
171870,16
171880,9
171884,4
171886,7
171888,12
171889,3
171890,14
171900,6
172010,5
172020,13
172025,10
172030,6
172049,9
172065,9
172080,22
172085,5
172090,24
172097,8
172100,1928
172120,50
172125,19
172130,11
172208,31
172210,56
210005,343
210010,8
210015,11
210020,15
210030,18
210040,10
210043,6
210047,28
210050,20
210055,15
210060,22
210070,74
210080,79
210083,18
210087,32
210090,28
210095,19
210100,158
210110,7
210120,124
210125,35
210130,6
210135,51
210140,410
210150,59
210160,141
210170,114
210177,14
210180,20
210190,14
210193,23
210197,18
210200,30
210203,28
210207,30
210210,54
210215,10
210220,42
210230,16
210232,145
210235,30
210237,9
210240,9
210250,14
210255,84
210260,95
210270,12
210275,14
210280,41
210290,116
210300,195
210310,4
210315,24
210317,21
210320,181
210325,31
210330,127
210340,253
210350,47
210355,11
210360,91
210370,38
210375,15
210380,30
210390,15
210400,21
210405,68
210407,11
210408,7
210409,17
210410,10
210420,97
210430,34
210440,16
210450,5
210455,16
210460,11
210462,9
210465,13
210467,107
210470,6
210480,85
210490,25
210500,12
210510,4
210515,12
210520,14
210530,740
210535,8
210540,163
210542,38
210545,9
210550,31
210560,36
210570,32
210580,17
210590,7
210592,16
210594,18
210596,11
210598,5
210600,25
210610,4
210620,26
210630,54
210632,51
210635,7
210637,7
210640,54
210650,5
210660,26
210663,17
210667,11
210670,3
210675,19
210680,9
210690,31
210700,8
210710,3
210720,4
210725,10
210730,9
210735,63
210740,16
210745,18
210750,160
210760,34
210770,11
210780,51
210790,16
210800,16
210805,67
210810,31
210820,34
210825,24
210830,20
210840,10
210845,51
210850,38
210860,249
210870,60
210880,16
210890,13
210900,57
210910,126
210920,10
210923,13
210927,219
210930,8
210940,8
210945,35
210950,14
210955,13
210960,73
210970,8
210980,263
210990,156
211000,123
211003,35
211010,31
211020,268
211023,25
211030,21
211040,24
211050,31
211060,128
211065,4
211070,59
211080,8
211085,4
211090,17
211100,8
211105,8
211107,35
211110,36
211120,232
211125,27
211130,2783
211140,18
211150,215
211153,23
211157,8
211160,22
211163,18
211167,12
211170,3
211172,28
211174,5
211176,19
211180,4
211195,8
211200,7
211210,77
211220,156
211223,20
211227,16
211230,87
211240,44
211245,91
211250,80
211260,72
211270,66
211280,18
211285,22
211290,62
211300,96
211400,41
220005,12
220010,5
220020,30
220025,11
220027,66
220030,12
220040,66
220045,9
220050,40
220070,6
220100,10
220105,19
220110,5
220115,25
220120,167
220140,75
220150,141
220157,4
220160,7
220170,5
220177,15
220190,64
220191,9
220192,13
220194,102
220196,54
220198,4
220200,39
220205,40
220207,5
220213,15
220217,20
220220,66
220230,72
220240,18
220253,24
220260,17
220265,6
220270,15
220271,19
220273,21
220275,50
220277,12
220280,5
220285,2
220290,18
220310,4
220320,46
220330,7
220340,14
220342,2
220350,17
220360,7
220370,389
220380,2
220390,94
220400,2
220410,14
220420,68
220430,124
220435,6
220440,7
220450,56
220455,1
220460,10
220465,12
220470,5
220480,12
220490,6
220515,2
220520,12
220525,21
220527,4
220530,2
220540,47
220545,62
220550,40
220552,7
220554,21
220556,9
220557,12
220560,28
220570,33
220580,110
220585,19
220590,16
220595,1
220600,15
220610,36
220620,23
220635,12
220640,22
220650,27
220665,1
220667,38
220669,34
220670,3
220672,1
220675,9
220690,5
220700,63
220710,9
220720,8
220730,8
220750,7
220760,8
220770,200
220775,18
220777,21
220780,28
220790,49
220793,3
220795,8
220800,116
220810,23
220820,59
220830,102
220840,535
220850,36
220855,4
220860,6
220865,15
220870,15
220880,127
220885,3
220890,27
220900,5
220915,18
220920,12
220945,5
220955,14
220960,5
220965,9
220970,2
220980,13
220987,1
220990,5
220995,9
220997,19
221000,38
221005,26
221030,64
221035,30
221039,4
221040,27
221050,22
221060,37
221063,1
221065,3
221070,11
221080,7
221090,3
221093,3
221097,17
221100,1494
221110,24
221120,83
221130,61
221135,3
221140,6
221160,14
230010,20
230015,15
230020,33
230030,40
230040,109
230050,25
230060,6
230070,99
230075,12
230080,142
230090,8
230100,71
230110,51
230120,29
230125,4
230130,97
230140,4
230150,8
230160,78
230170,53
230180,7
230185,35
230190,86
230195,16
230200,43
230205,3
230210,23
230220,102
230230,30
230240,38
230250,155
230260,59
230270,233
230280,66
230290,7
230300,3
230310,4
230320,24
230330,21
230340,12
230350,89
230360,20
230365,6
230370,302
230380,43
230393,5
230395,4
230400,40
230410,146
230420,173
230423,6
230425,24
230426,14
230427,6
230428,86
230430,29
230435,4
230440,6195
230445,35
230450,9
230460,34
230465,4
230470,32
230480,5
230490,4
230495,13
230500,11
230510,2
230520,8
230523,95
230526,12
230530,28
230535,8
230540,283
230550,124
230560,59
230570,24
230580,10
230590,19
230600,27
230610,6
230620,5
230625,44
230630,45
230640,89
230650,9
230655,21
230660,25
230670,17
230680,30
230690,48
230700,11
230710,98
230720,30
230725,24
230730,410
230740,26
230750,68
230760,86
230763,2
230765,355
230770,74
230780,60
230790,3
230800,12
230810,79
230820,8
230830,129
230835,12
230837,7
230840,46
230850,109
230860,24
230870,22
230880,20
230890,21
230900,11
230920,29
230930,19
230940,44
230945,8
230950,25
230960,60
230970,57
230980,8
230990,9
231000,4
231010,6
231020,23
231025,24
231030,96
231040,29
231050,69
231060,22
231070,57
231080,14
231085,19
231090,64
231095,5
231100,15
231110,31
231120,19
231123,13
231126,127
231130,93
231135,41
231140,42
231150,33
231160,28
231180,37
231190,33
231195,174
231200,10
231210,70
231220,28
231230,47
231240,69
231250,25
231260,8
231270,28
231280,6
231290,268
231300,27
231310,53
231320,15
231325,28
231330,671
231335,20
231340,69
231350,12
231355,8
231360,16
231370,8
231375,5
231380,11
231390,14
231395,12
231400,64
231410,41
240010,13
240020,82
240030,7
240050,17
240060,12
240070,41
240090,4
240100,30
240110,23
240120,7
240130,9
240145,19
240160,24
240165,7
240170,12
240180,17
240185,5
240190,2
240200,42
240210,18
240220,71
240230,16
240250,14
240260,73
240270,16
240280,2
240300,2
240310,51
240320,10
240325,890
240330,5
240340,4
240360,64
240370,2
240375,2
240380,5
240400,5
240420,36
240430,10
240440,10
240450,38
240470,21
240485,5
240490,15
240500,22
240510,6
240540,8
240560,5
240570,31
240580,31
240590,10
240600,12
240610,11
240615,7
240620,8
240640,5
240650,13
240660,6
240670,6
240690,41
240700,63
240710,131
240720,62
240725,4
240730,32
240740,4
240750,39
240760,9
240770,5
240780,30
240800,507
240810,2163
240820,41
240830,40
240840,17
240850,9
240860,66
240880,8
240890,13
240895,17
240930,26
240933,4
240940,40
240950,5
240960,4
240980,12
240990,7
241000,18
241010,68
241020,7
241025,3
241030,3
241040,7
241050,10
241060,30
241070,5
241080,14
241090,4
241100,5
241105,7
241110,5
241120,86
241140,12
241142,2
241150,23
241160,5
241170,1
241180,1
241190,3
241200,86
241210,3
241220,70
241230,15
241240,4
241250,29
241255,8
241260,8
241280,6
241300,14
241310,4
241330,9
241335,22
241340,18
241350,3
241355,7
241360,7
241370,8
241380,1
241390,11
241400,3
241410,4
241420,14
241440,35
241445,7
241450,14
241460,12
241470,4
241475,23
241480,16
241490,8
250010,10
250020,2
250030,5
250040,25
250050,3
250053,3
250057,2
250060,14
250070,183
250073,7
250077,19
250080,9
250090,5
250100,10
250110,28
250115,1
250120,13
250130,4
250140,11
250150,8
250153,8
250160,4
250180,94
250190,7
250200,68
250205,7
250210,4
250215,11
250230,7
250240,18
250250,25
250260,6
250270,3
250280,114
250290,3
250300,43
250320,201
250330,19
250350,16
250360,4
250370,190
250375,6
250380,5
250390,4
250400,718
250407,1
250430,36
250435,1
250440,21
250450,32
250460,49
250470,2
250480,23
250490,8
250500,2
250510,21
250520,1
250540,4
250550,12
250560,17
250570,10
250590,5
250600,30
250610,8
250620,8
250630,37
250640,5
250660,19
250670,38
250680,8
250690,20
250700,33
250710,7
250720,3
250730,3
250740,20
250750,1814
250760,2
250770,6
250780,5
250790,6
250800,23
250810,11
250830,23
250840,66
250850,1
250860,14
250880,6
250890,29
250900,9
250910,17
250915,17
250920,9
250930,3
250933,15
250937,7
250939,23
250940,20
250950,10
250960,4
250970,71
250980,7
250990,4
251000,13
251010,14
251020,14
251050,37
251065,4
251070,7
251080,482
251090,15
251100,7
251110,7
251120,178
251130,24
251140,19
251150,10
251180,5
251190,15
251200,20
251203,24
251207,72
251210,50
251230,14
251240,17
251250,18
251260,6
251270,35
251272,7
251274,4
251278,2
251290,11
251310,48
251315,8
251320,15
251330,29
251335,5
251340,21
251350,7
251360,4
251365,6
251370,154
251380,14
251385,5
251390,164
251392,7
251398,9
251410,6
251420,5
251430,4
251450,24
251455,4
251460,3
251465,4
251480,6
251490,8
251510,27
251520,17
251530,42
251540,12
251550,22
251570,1
251580,5
251590,22
251597,6
251600,33
251610,19
251620,282
251630,28
251650,11
251660,33
251670,22
251675,2
251680,42
251690,61
251710,2
251720,111
251740,8
260000,3
260005,76
260010,65
260020,17
260030,13
260040,42
260050,90
260060,4
260070,30
260080,19
260090,13
260100,38
260105,24
260110,170
260120,108
260130,18
260140,27
260160,28
260170,91
260180,7
260190,61
260200,92
260210,187
260220,70
260230,28
260240,23
260250,25
260260,50
260270,5
260280,97
260290,320
260300,25
260310,6
260320,38
260330,2
260340,13
260345,175
260350,29
260370,18
260380,16
260390,34
260392,5
260400,78
260410,408
260415,11
260420,30
260430,11
260440,12
260450,9
260460,11
260470,46
260480,17
260490,3
260500,30
260510,91
260515,6
260520,103
260530,64
260540,42
260545,25
260550,8
260560,62
260570,22
260580,2
260590,28
260600,169
260610,17
260620,106
260630,25
260640,58
260650,22
260660,85
260670,9
260680,127
260690,2
260700,22
260710,5
260720,94
260730,139
260750,30
260760,39
260765,139
260770,20
260775,24
260780,4
260790,1100
260795,5
260800,9
260805,63
260810,92
260820,18
260825,28
260830,28
260840,4
260845,23
260850,26
260860,22
260870,15
260875,12
260880,68
260890,52
260900,12
260910,8
260915,44
260920,19
260930,7
260940,14
260950,31
260960,445
260970,15
260980,8
260990,232
261000,95
261010,31
261020,45
261030,15
261040,28
261050,15
261060,22
261070,362
261080,18
261090,78
261100,100
261110,419
261120,9
261130,13
261140,10
261150,63
261160,2843
261170,9
261180,53
261190,11
261220,63
261230,32
261240,15
261245,16
261247,20
261250,49
261255,37
261260,33
261270,8
261280,16
261290,10
261300,44
261310,25
261320,10
261330,13
261340,18
261350,210
261360,73
261370,90
261380,22
261390,77
261400,9
261410,46
261420,22
261430,13
261440,5
261450,54
261460,34
261470,1
261480,78
261485,23
261500,16
261510,13
261520,28
261530,132
261540,13
261550,15
261560,70
261570,33
261580,16
261590,7
261600,20
261618,4
261620,10
261630,46
261640,153
261650,42
270010,425
270020,97
270030,713
270040,369
270050,96
270060,17
270070,70
270080,96
270090,16
270100,55
270110,175
270120,27
270130,55
270135,58
270140,209
270150,20
270160,77
270170,100
270180,36
270190,6
270200,107
270210,78
270220,19
270230,165
270235,128
270240,401
270250,48
270255,56
270260,58
270270,5
270280,60
270290,526
270300,21
270310,133
270320,79
270330,42
270340,57
270350,29
270360,14
270370,71
270375,38
270380,34
270390,24
270400,315
270410,67
270420,87
270430,2767
270440,82
270450,24
270460,65
270470,111
270480,55
270490,5
270500,94
270510,84
270520,91
270530,13
270540,79
270550,49
270560,31
270570,90
270580,63
270590,21
270600,26
270610,26
270620,583
270630,324
270640,205
270642,87
270644,30
270650,8
270660,12
270670,263
270680,18
270690,95
270700,10
270710,335
270720,81
270730,72
270740,4
270750,133
270760,22
270770,283
270780,11
270790,6
270800,183
270810,18
270820,21
270830,59
270840,234
270850,60
270860,187
270870,10
270880,336
270890,29
270895,71
270900,45
270910,185
270915,370
270920,125
270930,193
270940,42
280010,8
280020,54
280030,1751
280040,48
280050,22
280060,73
280067,97
280070,4
280100,11
280110,8
280120,262
280130,65
280140,57
280150,52
280160,2
280170,415
280200,22
280210,382
280220,7
280230,8
280240,31
280250,22
280260,26
280280,237
280290,100
280300,61
280320,79
280330,35
280340,32
280350,124
280360,100
280370,15
280380,4
280390,89
280400,92
280410,29
280420,62
280430,20
280440,67
280445,56
280450,83
280460,59
280470,2
280480,278
280490,16
280500,1
280510,131
280520,88
280530,29
280540,83
280550,36
280560,98
280570,177
280580,16
280590,22
280600,37
280610,27
280620,97
280630,133
280640,30
280650,3
280660,119
280670,103
280680,38
280690,6
280700,11
280710,44
280720,33
280730,4
280740,165
280750,51
280760,205
290010,22
290020,11
290030,46
290035,8
290040,32
290060,3
290070,296
290080,16
290090,8
290100,54
290110,52
290115,31
290120,36
290130,42
290135,31
290140,12
290160,7
290170,4
290190,26
290195,5
290200,20
290205,17
290210,38
290220,24
290230,9
290240,16
290250,8
290260,6
290265,5
290270,27
290280,74
290290,58
290300,5
290310,8
290320,452
290323,32
290327,76
290330,13
290340,43
290350,9
290360,21
290370,12
290380,15
290390,149
290395,6
290400,6
290405,22
290410,32
290420,19
290430,42
290440,7
290450,13
290460,91
290470,31
290475,31
290485,24
290490,54
290500,50
290510,10
290515,162
290520,346
290530,20
290540,22
290550,10
290560,93
290570,765
290580,30
290590,21
290600,51
290620,25
290630,58
290650,301
290660,80
290670,30
290680,20
290682,13
290685,15
290687,72
290689,9
290690,31
290700,23
290710,104
290720,43
290730,29
290750,121
290755,35
290760,18
290770,20
290780,44
290790,63
290800,30
290810,14
290820,6
290830,6
290840,40
290850,23
290860,21
290870,26
290880,17
290890,10
290900,7
290910,12
290920,11
290930,37
290940,8
290960,14
290970,25
290980,79
290990,10
291000,14
291005,437
291020,3
291040,21
291050,64
291060,39
291070,57
291072,383
291075,19
291080,694
291085,19
291100,24
291110,56
291120,40
291130,19
291140,129
291150,7
291160,33
291165,14
291170,947
291180,34
291185,22
291190,103
291200,25
291210,32
291220,52
291230,39
291240,18
291250,8
291260,15
291270,34
291280,4
291290,38
291300,6
291310,15
291320,40
291330,3
291340,88
291345,12
291350,12
291360,564
291370,30
291380,3
291390,91
291400,149
291410,11
291420,13
291430,23
291440,29
291450,39
291460,152
291465,45
291470,103
291480,669
291490,82
291500,44
291510,25
291520,35
291530,5
291535,11
291540,8
291550,64
291560,66
291570,11
291580,20
291590,6
291600,30
291610,23
291620,9
291630,31
291640,230
291650,46
291670,7
291680,50
291685,62
291690,45
291700,39
291710,43
291720,34
291730,16
291733,24
291740,35
291750,86
291760,86
291770,34
291780,47
291790,26
291800,243
291810,26
291830,16
291835,53
291840,207
291855,7
291860,16
291870,7
291875,48
291880,23
291890,8
291900,4
291905,68
291910,7
291915,21
291920,518
291930,25
291940,25
291950,46
291955,760
291970,28
291980,175
291990,18
291992,67
291995,10
292000,9
292010,38
292020,66
292030,30
292040,15
292045,5
292050,83
292060,57
292070,27
292080,47
292090,10
292100,178
292105,82
292110,48
292120,77
292130,67
292140,13
292145,79
292150,37
292160,40
292170,108
292180,16
292190,12
292200,167
292205,14
292210,28
292220,7
292225,7
292230,35
292240,29
292250,121
292265,7
292270,10
292273,21
292275,78
292280,30
292285,16
292290,126
292300,155
292303,15
292305,5
292310,29
292320,15
292330,20
292335,16
292340,334
292350,23
292360,35
292370,45
292380,9
292390,11
292400,572
292420,32
292430,12
292440,9
292450,41
292460,11
292465,47
292467,11
292470,7
292480,51
292490,89
292500,46
292510,73
292520,52
292525,11
292530,604
292540,8
292550,27
292570,22
292575,34
292580,7
292590,17
292593,5
292595,19
292600,29
292610,6
292620,10
292630,32
292640,90
292650,29
292660,81
292665,28
292670,31
292680,61
292690,33
292700,54
292720,69
292730,14
292740,4495
292750,11
292760,89
292770,100
292790,47
292800,26
292805,22
292810,35
292820,18
292830,3
292840,10
292850,10
292860,108
292870,157
292880,64
292890,115
292895,5
292900,19
292905,11
292910,27
292920,120
292925,35
292930,32
292935,5
292937,5
292940,10
292950,122
292960,29
292970,16
292980,7
292990,109
293000,21
293010,93
293015,63
293020,25
293030,7
293040,23
293050,159
293060,10
293070,169
293075,5
293076,14
293077,83
293080,7
293090,6
293100,68
293105,38
293110,13
293120,12
293130,32
293135,441
293140,8
293150,42
293160,15
293170,36
293180,25
293190,77
293200,13
293210,44
293220,41
293230,33
293240,11
293250,26
293260,41
293270,26
293280,22
293290,174
293300,36
293305,13
293310,22
293315,15
293317,5
293320,44
293325,5
293330,542
293350,27
293360,78
310010,15
310020,21
310030,13
310040,6
310050,22
310060,52
310070,4
310080,4
310090,32
310100,8
310110,59
310120,9
310130,10
310140,14
310150,40
310160,249
310170,60
310180,4
310190,76
310200,31
310205,8
310210,6
310220,15
310230,10
310240,5
310260,207
310270,43
310280,54
310285,11
310290,15
310300,20
310310,1
310320,5
310330,3
310340,215
310350,408
310360,7
310370,14
310375,10
310390,3
310400,210
310410,14
310420,64
310430,17
310445,9
310450,21
310460,12
310470,33
310480,11
310490,34
310500,6
310510,53
310520,8
310530,8
310540,35
310560,296
310570,5
310590,53
310600,29
310610,10
310620,5434
310630,119
310650,18
310660,3
310665,14
310670,738
310690,33
310710,103
310720,4
310730,140
310740,76
310760,46
310770,1
310780,18
310790,24
310800,20
310810,5
310820,7
310825,7
310830,28
310840,53
310850,16
310855,11
310860,79
310880,3
310890,23
310900,48
310910,25
310920,31
310925,2
310930,27
310940,42
310950,63
310960,3
310970,22
310980,5
310990,5
311000,39
311010,4
311030,14
311040,6
311050,116
311060,122
311070,16
311080,6
311090,26
311100,70
311110,35
311120,84
311130,35
311140,23
311150,18
311160,51
311170,13
311180,10
311200,16
311205,17
311210,5
311230,168
311240,21
311250,9
311260,33
311270,36
311280,45
311290,7
311300,15
311320,43
311330,38
311340,173
311350,20
311360,22
311370,21
311390,27
311400,15
311410,23
311420,37
311430,73
311440,37
311450,24
311455,30
311460,6
311470,9
311490,4
311500,2
311510,29
311520,7
311530,109
311535,13
311545,17
311550,28
311560,5
311570,21
311580,11
311590,2
311600,7
311610,20
311615,31
311620,6
311640,4
311650,4
311660,41
311670,14
311680,41
311690,1
311700,11
311710,67
311720,3
311730,87
311740,7
311750,20
311760,8
311770,15
311780,20
311783,14
311787,15
311790,43
311800,83
311810,7
311820,10
311830,244
311840,53
311860,951
311870,32
311880,65
311890,15
311900,7
311910,32
311930,94
311940,238
311950,36
311960,3
311970,15
311980,5
311990,3
311995,6
312010,84
312020,11
312030,7
312040,3
312050,27
312070,10
312080,48
312087,24
312090,113
312110,9
312120,27
312125,32
312140,3
312150,4
312160,93
312180,8
312190,5
312200,19
312210,8
312230,410
312235,16
312240,11
312245,5
312250,4
312280,1
312290,4
312300,18
312310,10
312320,7
312352,4
312360,52
312370,16
312380,10
312385,5
312390,25
312400,27
312410,50
312420,21
312430,35
312440,5
312450,23
312480,22
312490,11
312510,212
312520,4
312530,7
312560,5
312570,34
312595,19
312600,24
312610,100
312640,15
312650,87
312660,7
312670,65
312675,13
312680,11
312690,38
312695,8
312700,65
312705,4
312707,11
312710,116
312720,2
312730,7
312733,5
312735,7
312738,10
312740,10
312750,31
312760,21
312770,773
312780,15
312790,3
312800,52
312810,45
312820,4
312825,6
312830,64
312840,4
312860,11
312870,219
312880,8
312890,63
312910,6
312920,20
312930,10
312950,76
312970,67
312980,159
312990,20
313005,10
313010,124
313020,8
313030,17
313040,14
313050,37
313060,12
313065,11
313070,74
313080,8
313090,32
313100,4
313115,35
313120,43
313130,871
313150,13
313160,54
313170,136
313180,14
313190,121
313200,3
313210,25
313220,18
313230,10
313240,392
313250,41
313260,4
313270,29
313290,37
313300,51
313310,40
313320,12
313330,30
313340,41
313350,27
313360,62
313370,2
313375,98
313380,107
313400,29
313410,17
313420,310
313430,10
313440,180
313450,7
313460,8
313470,9
313480,35
313490,182
313500,8
313505,65
313510,135
313520,90
313535,6
313540,8
313545,21
313550,3
313560,12
313570,6
313580,27
313600,4
313610,8
313620,131
313630,62
313640,3
313650,26
313652,7
313655,11
313657,9
313665,58
313670,1504
313680,7
313690,63
313695,6
313700,34
313710,4
313720,82
313730,8
313740,9
313750,16
313753,3
313760,158
313770,28
313780,58
313800,8
313810,4
313820,385
313830,4
313835,29
313840,71
313850,7
313860,21
313862,17
313865,15
313867,3
313868,17
313870,9
313880,21
313900,96
313910,6
313920,72
313925,8
313930,31
313940,135
313950,25
313960,38
313970,13
313980,17
313990,31
314000,88
314010,22
314015,12
314020,5
314030,1
314040,9
314050,7
314053,1
314055,12
314060,2
314070,57
314080,19
314085,2
314090,7
314100,27
314110,93
314140,52
314150,4
314160,13
314170,26
314180,233
314190,6
314200,13
314210,25
314220,16
314225,5
314230,11
314240,4
314260,12
314270,10
314280,46
314290,36
314300,29
314310,286
314315,14
314320,77
314330,1170
314340,231
314345,36
314350,2
314380,5
314390,175
314400,36
314410,74
314420,2
314430,80
314435,12
314450,34
314460,50
314465,108
314467,1
314470,31
314480,157
314490,4
314500,64
314505,6
314510,98
314520,178
314530,94
314535,15
314537,4
314545,5
314560,66
314580,2
314590,103
314600,107
314610,145
314620,16
314625,19
314630,50
314640,6
314650,3
314655,5
314660,3
314675,8
314690,9
314700,164
314710,149
314720,74
314730,80
314740,37
314750,6
314760,39
314770,2
314780,3
314790,559
314800,273
314810,437
314820,10
314840,11
314850,15
314860,14
314870,45
314880,2
314890,5
314910,19
314915,9
314920,11
314930,113
314940,4
314950,5
314970,4
314980,115
314990,37
315000,2
315015,3
315020,7
315030,3
315050,25
315053,2
315057,1
315060,9
315070,13
315080,15
315090,12
315100,24
315110,16
315120,142
315130,10
315140,27
315150,162
315160,33
315170,36
315180,815
315190,11
315200,32
315210,117
315213,4
315217,6
315220,66
315230,8
315240,22
315250,711
315260,9
315270,9
315280,71
315290,27
315300,2
315310,4
315320,13
315340,16
315350,6
315360,26
315370,3
315380,3
315390,28
315400,32
315410,33
315415,7
315420,8
315430,22
315440,5
315445,4
315450,20
315460,249
315470,20
315480,1
315490,68
315510,4
315530,2
315540,5
315550,18
315560,61
315570,18
315580,19
315600,14
315610,5
315630,6
315640,27
315645,11
315650,38
315660,11
315670,80
315680,10
315690,86
315700,119
315710,10
315720,21
315725,5
315727,4
315730,7
315733,21
315737,15
315740,2
315750,3
315765,13
315770,54
315780,217
315790,10
315820,55
315850,15
315870,12
315880,13
315895,122
315910,5
315920,17
315930,8
315935,14
315950,8
315960,115
315980,67
315990,14
316000,6
316010,7
316030,20
316040,48
316045,6
316060,10
316070,73
316080,2
316090,8
316100,17
316105,6
316110,82
316120,7
316150,19
316165,3
316180,18
316190,10
316200,88
316210,94
316220,15
316225,18
316230,5
316240,17
316245,20
316250,180
316255,11
316260,7
316265,13
316270,38
316280,21
316290,31
316292,37
316294,45
316295,40
316300,23
316310,3
316320,5
316330,4
316340,18
316350,1
316360,5
316370,168
316380,5
316390,33
316400,7
316420,13
316430,23
316440,10
316443,3
316447,5
316450,4
316460,39
316470,211
316480,2
316500,7
316510,13
316520,12
316530,9
316540,5
316550,13
316553,57
316555,96
316556,2
316557,10
316560,2
316570,3
316580,12
316600,2
316620,6
316630,4
316660,4
316670,15
316680,95
316690,22
316695,5
316700,2
316710,2
316720,525
316740,17
316750,18
316760,37
316770,5
316780,12
316790,12
316800,80
316810,13
316820,1
316830,18
316840,17
316850,31
316860,297
316870,237
316880,8
316890,11
316900,15
316910,29
316920,9
316930,290
316935,58
316940,106
316950,5
316960,58
316970,46
316980,31
316990,116
317000,7
317005,25
317010,1226
317020,2539
317030,3
317040,137
317043,18
317050,12
317052,11
317057,5
317060,10
317065,106
317070,547
317075,5
317080,333
317090,25
317100,43
317107,18
317110,16
317115,3
317120,100
317130,237
317140,7
317150,10
317160,40
317170,14
317180,17
317190,6
317200,76
317210,11
317220,22
320010,24
320013,19
320016,38
320020,36
320030,16
320040,53
320050,6
320060,360
320070,12
320080,40
320090,53
320100,18
320110,10
320115,12
320120,336
320130,374
320140,47
320150,186
320160,53
320170,22
320180,9
320190,62
320200,13
320210,28
320220,21
320225,5
320230,24
320240,304
320245,19
320250,35
320255,12
320260,27
320265,12
320270,11
320280,45
320290,15
320300,47
320305,18
320310,8
320313,39
320316,16
320320,261
320330,14
320332,53
320334,21
320335,29
320340,10
320350,27
320360,12
320370,14
320380,19
320390,67
320400,8
320405,54
320410,16
320420,60
320425,11
320435,28
320440,15
320450,15
320455,32
320460,34
320465,7
320470,40
320480,15
320490,298
320495,11
320500,933
320501,37
320503,21
320506,55
320510,56
320515,5
320517,8
320520,1186
320530,1150
330010,375
330015,7
330020,192
330022,16
330023,126
330025,63
330030,205
330040,371
330045,525
330050,56
330060,49
330070,389
330080,71
330090,7
330093,8
330095,12
330100,383
330110,21
330115,13
330120,22
330130,48
330140,10
330150,37
330160,18
330170,1304
330180,47
330185,115
330187,92
330190,309
330200,246
330205,19
330210,9
330220,177
330225,100
330227,82
330230,1
330240,565
330245,13
330250,312
330260,90
330270,270
330280,25
330285,190
330290,75
330300,17
330310,8
330320,348
330330,1825
330340,460
330350,1061
330360,87
330370,62
330380,97
330385,31
330390,795
330395,57
330400,79
330410,25
330411,80
330412,41
330414,224
330415,21
330420,838
330430,129
330440,30
330450,9
330452,429
330455,19171
330460,9
330470,46
330475,28
330480,25
330490,1545
330500,47
330510,517
330515,7
330520,249
330530,6
330540,28
330550,107
330555,108
330560,24
330570,10
330575,46
330580,414
330600,137
330610,126
330615,7
330620,80
330630,947
350010,316
350020,22
350030,109
350040,40
350050,165
350055,117
350060,70
350070,276
350075,36
350080,82
350090,9
350100,65
350110,16
350115,252
350120,11
350130,363
350140,44
350150,23
350160,1744
350170,275
350180,16
350190,457
350200,24
350210,456
350220,160
350230,51
350240,50
350250,144
350260,8
350270,2174
350275,146
350280,1281
350290,427
350300,29
350310,54
350315,3
350320,1459
350330,328
350335,9
350340,48
350350,18
350360,75
350370,40
350380,436
350390,464
350395,5
350400,2337
350410,1328
350420,67
350430,50
350440,54
350450,974
350460,118
350470,22
350480,32
350490,24
350500,349
350510,27
350520,167
350530,262
350535,153
350540,1852
350550,433
350560,155
350570,2082
350580,321
350590,248
350600,4400
350610,368
350620,34
350630,195
350635,541
350640,26
350650,738
350660,106
350670,160
350680,62
350690,84
350700,439
350710,85
350715,218
350720,13
350730,39
350740,93
350745,17
350750,1086
350760,791
350770,20
350775,8
350780,80
350790,154
350800,211
350810,49
350820,8
350830,51
350840,390
350850,408
350860,131
350870,48
350880,131
350890,35
350900,408
350910,63
350920,357
350925,2969
350930,95
350940,109
350945,42
350950,9231
350960,650
350970,254
350980,40
350990,597
350995,7
351000,679
351010,11
351015,193
351020,623
351030,60
351040,468
351050,614
351060,1955
351070,59
351080,72
351090,7
351100,133
351110,455
351120,37
351130,54
351140,214
351150,890
351160,168
351170,115
351190,25
351200,54
351210,22
351220,169
351230,144
351240,179
351250,21
351260,79
351270,52
351280,695
351290,34
351300,1238
351310,127
351320,23
351330,52
351340,286
351350,702
351360,39
351370,104
351380,2387
351390,22
351400,65
351410,176
351420,9
351430,27
351440,592
351450,102
351460,57
351470,110
351480,843
351490,189
351492,11
351500,1200
351510,388
351512,34
351515,343
351518,100
351519,111
351520,60
351530,103
351535,704
351540,757
351550,423
351560,68
351565,26
351570,449
351580,10
351590,4
351600,94
351610,104
351620,881
351630,712
351640,461
351650,32
351660,69
351670,492
351680,16
351685,98
351690,81
351700,79
351710,16
351720,84
351730,59
351740,118
351750,83
351760,146
351770,57
351780,29
351790,35
351800,9
351810,42
351820,220
351830,190
351840,495
351850,66
351860,195
351870,1858
351880,6165
351885,35
351890,10
351900,39
351905,134
351907,2095
351910,75
351920,69
351925,64
351930,131
351940,50
351950,103
351960,266
351970,522
351980,37
351990,350
352000,351
352010,58
352020,34
352030,1439
352040,133
352042,469
352044,518
352050,2732
352060,54
352070,22
352080,37
352090,269
352100,151
352110,47
352115,37
352120,212
352130,36
352140,72
352150,53
352160,55
352170,285
352180,400
352190,81
352200,14
352210,856
352215,310
352220,756
352230,1129
352240,2637
352250,1149
352260,177
352265,368
352270,294
352280,730
352290,94
352300,56
352310,944
352320,4172
352330,220
352340,1085
352350,366
352360,130
352370,21
352380,14
352390,1109
352400,541
352410,102
352420,31
352430,272
352440,978
352450,47
352460,1302
352470,724
352480,289
352490,11
352500,561
352510,194
352520,420
352530,933
352540,18
352550,33
352560,101
352570,215
352580,46
352585,49
352590,3397
352600,238
352610,984
352620,286
352630,13
352640,220
352650,49
352660,12
352670,474
352680,688
352690,2426
352700,41
352710,716
352720,347
352725,7
352730,396
352740,227
352750,32
352760,83
352770,19
352780,66
352790,30
352800,222
352810,28
352820,11
352830,23
352840,568
352850,299
352860,194
352870,69
352880,274
352885,11
352890,35
352900,3126
352910,6
352920,386
352930,563
352940,2936
352950,25
352960,17
352965,10
352970,19
352980,81
352990,654
353000,11
353010,125
353020,720
353030,154
353040,14
353050,167
353060,1938
353070,697
353080,442
353090,43
353100,16
353110,482
353120,35
353130,212
353140,58
353150,105
353160,28
353170,15
353180,402
353190,93
353200,38
353205,5
353210,16
353215,114
353220,181
353230,6
353240,96
353250,23
353260,45
353270,12
353280,19
353282,133
353284,9
353290,119
353300,63
353310,22
353320,32
353325,26
353330,8
353340,351
353350,167
353360,20
353370,43
353380,13
353390,170
353400,26
353410,51
353420,55
353430,133
353440,3901
353450,39
353460,394
353470,5733
353475,70
353480,23
353490,114
353500,32
353510,56
353520,51
353530,841
353540,152
353550,940
353560,42
353570,19
353580,194
353590,10
353600,123
353610,112
353620,1298
353625,7
353630,25
353640,72
353650,816
353657,26
353660,18
353670,361
353680,15
353690,7
353700,55
353710,473
353715,117
353720,146
353730,424
353740,150
353750,191
353760,1662
353770,28
353780,181
353790,213
353800,685
353810,71
353820,32
353830,41
353850,20
353860,91
353870,2210
353880,778
353890,127
353900,50
353910,58
353920,765
353930,326
353940,176
353950,305
353960,15
353970,68
353980,318
353990,26
354000,228
354010,20
354020,140
354025,5
354030,12
354040,10
354050,107
354060,330
354070,206
354075,49
354080,87
354085,12
354090,35
354100,1666
354105,72
354110,12
354120,155
354130,766
354140,4408
354150,649
354160,290
354165,50
354170,276
354180,14
354190,31
354200,48
354210,129
354220,723
354230,4
354240,438
354250,37
354260,4804
354270,32
354280,537
354290,52
354300,394
354310,6
354320,75
354323,16
354325,61
354330,702
354340,3470
354350,223
354360,8
354370,29
354380,72
354390,1244
354400,333
354410,175
354420,23
354425,2328
354430,31
354440,10
354450,45
354460,22
354470,40
354480,28
354490,67
354500,45
354510,44
354515,89
354520,1261
354530,273
354540,393
354550,272
354560,110
354570,19
354580,1083
354600,36
354620,31
354625,10
354630,115
354640,862
354650,25
354660,172
354670,87
354680,281
354690,62
354700,123
354710,38
354720,11
354730,703
354740,11
354750,102
354760,84
354765,2
354770,322
354780,5317
354790,47
354800,144
354805,19
354810,14
354820,20
354830,16
354840,15
354850,2803
354860,30
354870,4445
354880,960
354890,1876
354900,13
354910,248
354920,5
354930,7
354940,148
354950,12
354960,7
354970,204
354980,1995
354990,4252
354995,113
355000,25
355010,255
355020,304
355030,53905
355040,256
355050,96
355060,791
355070,497
355080,27
355090,57
355100,1921
355110,36
355120,79
355130,17
355140,36
355150,107
355160,96
355170,464
355180,464
355190,123
355200,10
355210,83
355220,6583
355230,38
355240,1945
355250,1299
355255,4
355260,55
355270,291
355280,1682
355290,205
355300,432
355310,29
355320,98
355330,77
355340,104
355350,33
355360,37
355365,8
355370,273
355380,514
355385,94
355390,126
355395,346
355400,1064
355410,1063
355420,72
355430,1092
355440,54
355450,434
355460,36
355465,6
355470,54
355475,5
355480,146
355490,25
355495,39
355500,636
355510,230
355520,13
355530,19
355535,8
355540,282
355550,36
355560,46
355570,12
355580,72
355590,6
355600,37
355610,66
355620,901
355630,114
355635,44
355640,168
355645,312
355650,688
355660,66
355670,529
355680,71
355690,20
355695,3
355700,1009
355710,406
355715,4
355720,454
355730,12
410000,10
410010,14288
410020,13590
410030,20492
410040,165265
410045,7772
410050,36867
410060,22711
410070,16488
410080,19112
410090,10531
410100,36243
410105,7183
410110,35588
410115,6824
410120,40716
410130,14999
410140,243683
410150,218812
410160,50570
410165,7751
410170,26004
410180,305760
410185,5719
410190,27129
410200,63486
410210,53715
410220,9714
410230,35075
410240,63639
410250,18454
410260,16076
410270,5864
410275,8141
410280,29074
410290,33575
410300,8946
410302,4149
410304,10740
410305,15831
410310,20526
410315,7187
410320,14306
410322,6949
410330,15871
410335,8901
410337,7322
410340,6076
410345,38166
410347,8816
410350,17997
410360,46608
410370,193139
410380,14601
410390,29676
410395,9563
410400,76432
410405,7393
410410,16567
410420,213443
410425,50052
410430,204936
410440,26994
410442,27524
410445,17309
410450,34771
410460,23105
410465,33319
410470,28186
410480,634866
410490,147570
410500,13765
410510,20666
410520,33640
410530,23557
410540,42120
410550,165779
410560,23389
410570,25598
410580,483783
410590,47787
410600,16546
410610,7587
410620,38239
410630,30994
410640,89634
410645,14143
410650,49524
410655,7179
410657,9301
410660,40023
410670,8391
410680,31208
410685,7263
410690,3632292
410700,25082
410710,10339
410712,5053
410715,10061
410720,76681
410725,16924
410730,13801
410740,14590
410750,24548
410752,4439
410753,8092
410754,7192
410755,5775
410760,29294
410765,197677
410770,7507
410773,12522
410775,16673
410780,11957
410785,10491
410790,17247
410800,20676
410810,5869
410820,16898
410830,506582
410832,14049
410840,174353
410845,9077
410850,18729
410855,7959
410860,59776
410865,11854
410870,10795
410880,58906
410890,14176
410895,19008
410900,9812
410910,4839
410920,10942
410930,27166
410940,334089
410950,13745
410960,69140
410965,11067
410970,54937
410975,9724
410980,94844
410990,18138
411000,8956
411005,4332
411007,18570
411010,52524
411020,22220
411030,5392
411040,9545
411050,27722
411060,24752
411065,4603
411070,121107
411080,18514
411090,7144
411095,24349
411100,12764
411110,12690
411120,25146
411125,51634
411130,7334
411140,25548
411150,66737
411155,13577
411160,6298
411170,10532
411180,75365
411190,18819
411200,62849
411210,45696
411220,11549
411230,10079
411240,18212
411250,23077
411260,2476
411270,24920
411275,17826
411280,21898
411290,6178
411295,15230
411300,12370
411310,9972
411320,91319
411325,8415
411330,64918
411340,8690
411342,7769
411345,11264
411350,37249
411360,9949
411370,1155375
411373,12361
411375,11796
411380,9440
411390,25714
411400,22860
411410,44607
411420,68210
411430,37549
411435,5287
411440,38973
411450,24631
411460,99466
411470,11830
411480,76535
411490,18841
411500,13664
411510,18637
411520,914802
411530,13113
411535,11880
411540,28992
411545,6801
411550,8554
411560,36738
411570,53189
411573,6869
411575,18157
411580,71572
411585,10789
411590,3873
411600,4156
411605,21500
411610,23336
411620,28173
411630,7583
411640,7688
411650,2873
411660,7127
411670,23955
411680,13965
411690,60642
411695,9168
411700,15078
411705,20102
411710,26822
411720,12698
411721,6434
411722,12927
411725,17528
411727,16995
411729,6217
411730,34760
411740,6753
411745,13138
411750,73256
411760,78243
411770,59441
411780,28191
411790,58659
411800,29731
411810,21745
411820,296659
411830,5545
411840,170698
411845,10880
411850,176727
411860,10087
411870,13597
411880,24398
411885,15720
411890,20013
411900,11517
411910,19756
411915,238440
411920,15004
411925,4998
411930,55541
411940,46022
411950,156169
411960,64082
411965,5588
411970,7576
411980,26592
411990,582073
411995,64825
412000,24886
412010,8568
412015,6345
412020,5635
412030,7903
412033,7342
412035,10788
412040,9356
412050,20707
412060,93168
412065,9372
412070,19009
412080,57553
412085,8401
412090,58900
412100,22033
412110,8871
412120,39782
412125,5551
412130,7742
412135,5024
412140,38456
412150,32141
412160,12116
412170,47266
412175,9304
412180,22587
412190,26532
412200,29601
412210,7415
412215,27841
412217,8608
412220,66853
412230,56443
412240,126302
412250,21704
412260,18381
412265,12499
412270,15149
412280,8865
412290,9785
412300,24422
412310,6500
412320,7041
412330,15968
412340,22283
412350,46936
412360,3821
412370,16369
412380,24215
412382,7663
412385,17934
412390,22037
412395,5792
412400,11361
412402,21470
412405,43836
412410,74347
412420,5965
412430,5236
412440,33969
412450,10966
412460,11161
412470,19927
412480,20145
412490,11538
412500,25012
412510,29359
412520,20045
412530,12415
412535,13096
412540,12043
412545,8398
412550,468904
412555,4876
412560,80393
412570,54511
412575,9773
412580,17572
412590,6193
412600,15662
412610,11965
412620,10523
412625,142414
412627,10775
412630,37253
412635,10323
412640,12708
412650,28125
412660,40277
412665,6648
412667,20023
412670,10585
412680,28577
412690,11432
412700,20358
412710,150128
412720,34492
412730,27191
412740,21656
412750,36046
412760,33939
412770,261363
412780,18821
412785,19024
412788,9881
412790,15597
412795,13259
412796,28214
412800,45111
412810,195631
412820,106083
412830,5509
412840,21133
412850,39779
412853,18827
412855,17395
412860,15354
412862,6108
412863,8210
412865,9510
412870,13599
412880,11675
420005,37
420010,2552
420020,88
420030,39
420040,984
420050,172
420055,51
420060,69
420070,64
420075,22
420080,241
420090,29
420100,101
420110,45
420120,272
420125,114
420127,45
420130,1320
420140,643
420150,70
420160,216
420165,10
420170,99
420180,33
420190,38
420195,140
420200,8459
420205,853
420207,89
420208,55
420209,30
420210,1694
420213,136
420215,30
420220,114
420230,850
420240,9952
420243,31
420245,1962
420250,16
420253,83
420257,50
420260,81
420270,166
420280,400
420285,41
420287,22
420290,4778
420300,3350
420310,92
420315,195
420320,3153
420325,15
420330,973
420340,83
420350,1122
420360,912
420370,149
420380,3359
420390,451
420395,298
420400,292
420410,47
420415,31
420417,12
420419,11
420420,6600
420425,189
420430,2060
420435,112
420440,97
420445,68
420450,650
420455,169
420460,2194
420470,158
420475,20
420480,1297
420490,181
420500,3617
420510,65
420515,81
420517,51
420519,4
420520,86
420530,356
420535,35
420540,13419
420543,83
420545,300
420550,1278
420555,28
420560,255
420570,441
420580,1684
420590,2601
420600,300
420610,69
420620,76
420630,629
420640,251
420650,2707
420660,291
420665,108
420670,627
420675,34
420680,109
420690,256
420700,629
420710,706
420720,23
420730,834
420740,74
420750,2236
420757,148
420760,85
420765,161
420768,265
420770,149
420775,49
420780,277
420785,68
420790,577
420800,275
420810,956
420820,7764
420830,5439
420840,403
420845,8503
420850,184
420860,115
420870,35
420880,190
420890,10908
420895,46
420900,1148
420910,27027
420915,42
420917,112
420920,70
420930,3006
420940,358
420945,28
420950,75
420960,120
420970,164
420980,10
420985,64
420990,95
421000,318
421003,143
421005,93
421010,6024
421020,67
421030,234
421040,59
421050,624
421055,48
421060,357
421070,355
421080,35
421085,50
421090,44
421100,160
421105,215
421110,435
421120,93
421125,14
421130,2735
421140,91
421145,51
421150,539
421160,160
421165,125
421170,277
421175,327
421180,112
421185,92
421187,41
421189,18
421190,3085
421200,791
421205,33
421210,280
421220,867
421223,67
421225,24
421227,468
421230,158
421240,16
421250,1164
421260,48
421265,28
421270,57
421280,1849
421290,393
421300,155
421310,124
421315,27
421320,906
421330,77
421335,75
421340,430
421350,889
421360,8896
421370,216
421380,47
421390,10
421400,166
421410,9
421415,113
421420,217
421430,48
421440,158
421450,58
421460,44
421470,154
421480,1152
421490,117
421500,3003
421505,29
421507,37
421510,217
421520,125
421530,85
421535,102
421540,168
421545,280
421550,300
421555,41
421560,12
421565,51
421567,104
421568,54
421569,59
421570,288
421575,118
421580,5244
421590,39
421600,192
421605,81
421610,642
421620,4200
421625,62
421630,1067
421635,110
421640,14
421650,138
421660,4740
421670,611
421680,43
421690,2749
421700,212
421710,80
421715,32
421720,1432
421725,22
421730,87
421740,636
421750,465
421755,71
421760,176
421770,163
421775,41
421780,178
421790,298
421795,27
421800,1273
421810,40
421820,1130
421825,174
421830,1499
421835,50
421840,41
421850,349
421860,141
421870,1224
421875,100
421880,96
421885,67
421890,166
421895,19
421900,131
421910,94
421915,67
421917,111
421920,71
421930,2343
421935,51
421940,60
421950,2025
421960,54
421970,757
421985,100
422000,136
430003,59
430005,19
430010,50
430020,35
430030,55
430040,367
430045,19
430047,16
430050,100
430055,18
430057,7
430060,602
430063,3
430064,55
430066,12
430070,8
430080,121
430085,6
430087,13
430090,95
430100,64
430105,60
430107,8
430110,30
430120,16
430130,70
430140,32
430150,35
430155,15
430160,501
430163,29
430165,18
430170,73
430175,6
430180,33
430185,43
430187,8
430190,39
430192,20
430195,15
430200,9
430205,22
430210,737
430215,19
430220,45
430223,12
430225,7
430230,67
430235,49
430237,19
430240,28
430245,15
430250,18
430258,10
430260,24
430265,9
430270,40
430280,93
430290,66
430300,250
430310,517
430320,22
430330,40
430340,29
430350,118
430355,5
430360,11
430367,18
430370,37
430380,57
430390,283
430400,34
430410,10
430420,72
430430,21
430435,44
430440,260
430450,130
430460,1645
430462,8
430463,218
430465,1
430466,110
430467,6
430468,58
430469,5
430470,536
430471,21
430480,132
430485,13
430490,87
430495,29
430500,44
430510,3244
430511,12
430512,8
430513,7
430515,19
430517,4
430520,171
430530,61
430535,123
430537,34
430540,28
430543,42
430545,30
430550,28
430558,4
430560,23
430570,59
430580,62
430583,4
430585,9
430587,17
430590,29
430593,8
430595,5
430597,11
430600,100
430605,17
430607,12
430610,666
430613,14
430620,29
430630,28
430632,17
430635,12
430637,14
430640,172
430642,13
430645,40
430650,5
430660,96
430670,8
430673,20
430675,8
430676,167
430680,98
430690,32
430692,15
430693,70
430695,18
430697,30
430700,1353
430705,23
430710,3
430720,78
430730,31
430740,29
430745,30
430750,56
430755,52
430760,248
430770,386
430780,204
430781,16
430783,8
430786,19
430790,354
430800,32
430805,27
430807,21
430810,46
430820,299
430825,8
430830,53
430840,10
430845,18
430850,416
430860,173
430865,5
430870,50
430880,27
430885,9
430890,165
430900,106
430905,42
430910,567
430912,23
430915,2
430920,890
430925,12
430930,284
430940,176
430950,42
430955,32
430957,10
430960,268
430965,15
430970,51
430975,16
430980,21
430990,30
430995,9
431000,84
431010,214
431020,981
431030,8
431033,87
431036,5
431040,15
431041,6
431043,114
431046,19
431050,84
431053,17
431057,6
431060,237
431070,25
431075,8
431080,194
431085,23
431090,29
431100,134
431110,39
431112,5
431113,15
431115,39
431120,100
431127,9
431130,203
431140,361
431142,11
431150,19
431160,25
431162,20
431164,2
431170,65
431173,8
431175,24
431177,8
431179,3
431180,288
431190,90
431198,7
431200,23
431205,12
431210,11
431213,14
431217,9
431220,54
431225,7
431230,59
431235,5
431237,10
431238,8
431240,284
431242,5
431244,6
431245,33
431247,27
431250,43
431260,41
431261,12
431262,10
431265,136
431267,4
431270,234
431275,19
431280,46
431290,52
431295,12
431300,17
431301,19
431303,14
431306,58
431308,22
431310,16
431320,121
431330,242
431333,14
431335,30
431337,134
431340,1219
431344,16
431346,14
431349,5
431350,181
431360,28
431365,19
431370,254
431380,57
431390,458
431395,31
431400,154
431402,11
431403,22
431405,222
431406,15
431407,7
431410,1972
431413,11
431415,14
431417,2
431420,39
431430,12
431440,1969
431442,22
431445,31
431446,16
431447,22
431449,61
431450,37
431454,22
431455,14
431460,28
431470,116
431475,27
431477,13
431480,189
431490,8749
431500,38
431505,9
431507,12
431510,56
431514,2
431515,15
431517,8
431520,4
431530,90
431531,6
431532,23
431535,9
431540,23
431545,5
431550,72
431555,21
431560,1138
431570,42
431575,22
431580,62
431590,39
431595,6
431600,65
431610,92
431620,39
431630,51
431640,106
431642,25
431643,14
431645,105
431647,17
431650,43
431660,100
431670,83
431673,7
431675,12
431680,505
431690,1755
431695,3
431697,5
431700,7
431710,351
431720,641
431730,93
431740,299
431750,726
431760,129
431770,37
431775,10
431780,107
431790,88
431795,13
431800,381
431805,3
431810,29
431820,94
431830,236
431840,64
431842,10
431843,4
431845,9
431846,19
431848,69
431849,5
431850,36
431860,59
431861,3
431862,84
431870,1177
431880,119
431890,179
431900,173
431910,18
431912,35
431915,8
431920,10
431930,41
431935,8
431936,5
431937,18
431940,48
431950,84
431960,61
431970,31
431971,10
431973,11
431975,2
431980,20
431990,501
432000,547
432010,254
432020,69
432023,24
432026,19
432030,34
432032,20
432035,2
432040,123
432050,43
432055,9
432057,3
432060,20
432065,11
432067,6
432070,38
432080,98
432085,7
432090,220
432100,77
432110,33
432120,268
432130,49
432132,17
432135,6
432140,117
432143,50
432145,157
432146,14
432147,32
432150,162
432160,199
432162,14
432163,28
432166,38
432170,235
432180,212
432185,32
432190,270
432195,61
432200,91
432210,60
432215,5
432220,37
432225,14
432230,81
432234,6
432237,4
432240,821
432250,341
432253,8
432254,27
432260,186
432270,29
432280,234
432290,38
432300,528
432310,43
432320,4
432330,22
432335,7
432340,15
432345,16
432350,32
432360,8
432370,30
432375,10
432380,65
500020,173
500025,21
500060,1022
500070,118
500080,153
500085,181
500090,114
500100,193
500110,340
500124,78
500150,77
500190,428
500200,333
500210,156
500215,28
500220,293
500230,228
500240,482
500260,172
500270,11502
500280,25
500290,181
500295,1147
500310,20
500315,302
500320,591
500325,282
500330,325
500345,126
500348,91
500350,54
500370,3541
500375,760
500380,304
500390,38
500400,120
500410,59
500430,1158
500440,53
500450,197
500460,1009
500470,624
500480,276
500490,45
500500,248
500510,120
500515,136
500520,51
500525,90
500540,549
500560,92
500568,1410
500570,2400
500580,66
500600,417
500620,1427
500625,266
500627,153
500630,209
500635,637
500640,63
500660,1727
500690,125
500710,174
500720,530
500730,16
500740,130
500750,46
500755,78
500769,714
500770,1036
500780,68
500790,475
500793,185
500795,433
500797,78
500800,168
500830,1954
500840,56
510010,9
510020,214
510025,1248
510030,93
510035,16
510040,96
510050,23
510060,273
510080,104
510100,13
510125,87
510130,72
510140,307
510160,9
510170,162
510180,313
510185,10
510190,264
510250,447
510260,8
510263,1021
510267,1006
510268,164
510269,8
510270,159
510279,199
510285,55
510300,124
510305,264
510310,5
510320,730
510325,230
510330,217
510335,38
510336,19
510337,179
510340,4986
510343,17
510345,54
510350,374
510360,25
510370,175
510380,7
510385,143
510390,25
510395,23
510410,485
510420,54
510450,8
510452,199
510454,230
510455,148
510460,140
510480,326
510490,18
510510,563
510515,795
510517,270
510520,42
510523,15
510525,3262
510530,17
510550,91
510558,186
510560,316
510562,85
510590,152
510600,40
510610,31
510615,293
510617,5
510618,39
510619,105
510620,22
510621,202
510622,1322
510623,103
510624,288
510625,129
510626,112
510627,71
510628,44
510629,288
510630,280
510631,7
510637,111
510642,305
510645,17
510650,88
510665,36
510670,2
510675,319
510677,31
510680,141
510682,54
510685,17
510700,70
510704,1786
510706,410
510710,98
510715,15
510718,28
510719,13
510720,18
510724,84
510726,11
510729,10
510730,374
510735,47
510740,18
510757,16
510760,1870
510770,55
510774,19
510775,24
510776,76
510777,5
510779,123
510780,51
510785,51
510787,587
510788,6
510790,3821
510792,2524
510794,280
510795,1242
510800,486
510805,173
510810,18
510820,15
510830,94
510835,8
510840,1702
510850,313
510860,119
510880,88
510885,59
510890,128
510895,297
520005,47
520010,41
520013,74
520015,2
520017,9
520025,130
520030,30
520055,7
520060,42
520080,15
520082,1
520085,4
520090,3
520110,985
520130,28
520140,916
520145,4
520150,7
520170,59
520180,12
520215,3
520235,4
520250,9
520280,6
520310,6
520330,54
520340,10
520350,48
520355,10
520357,4
520380,10
520390,15
520393,4
520396,2
520400,6
520410,60
520420,1
520425,35
520430,55
520440,31
520450,401
520455,2
520460,10
520465,5
520470,21
520480,26
520485,4
520490,29
520495,4
520500,12
520510,432
520520,4
520530,11
520540,71
520545,14
520547,352
520549,108
520551,23
520552,27
520570,7
520590,13
520620,364
520630,8
520640,44
520650,2
520660,3
520690,2
520725,11
520735,5
520740,42
520750,2
520760,20
520780,13
520790,10
520800,246
520810,3
520830,3
520840,25
520850,19
520860,105
520870,3595
520880,129
520890,49
520910,72
520915,11
520920,10
520929,8
520940,3
520960,6
520970,57
520990,9
520993,65
520995,23
521000,102
521010,85
521015,2
521020,91
521030,14
521040,77
521056,2
521060,4
521080,23
521090,44
521100,8
521120,29
521130,17
521140,7
521150,382
521160,3
521170,9
521180,68
521190,478
521200,11
521205,2
521220,33
521225,7
521230,20
521250,293
521270,12
521280,7
521295,3
521300,36
521308,117
521310,295
521370,15
521375,71
521377,8
521380,93
521390,5
521400,23
521440,10
521450,59
521460,81
521470,1
521480,8
521483,23
521486,10
521490,4
521500,14
521520,3
521523,50
521530,29
521550,17
521560,14
521565,4
521570,54
521580,13
521600,3
521630,18
521640,14
521645,21
521680,14
521690,5
521710,22
521720,18
521730,15
521740,86
521760,69
521770,6
521800,58
521810,28
521830,106
521839,12
521850,207
521860,15
521878,21
521880,1073
521890,26
521900,15
521910,6
521925,15
521930,118
521935,12
521940,16
521945,6
521950,3
521970,17
521971,9
521973,21
521975,60
521980,10
522000,30
522005,5
522010,92
522015,7
522020,34
522028,5
522040,144
522045,267
522050,25
522060,55
522068,2
522070,3
522119,18
522130,7
522140,166
522155,10
522157,4
522160,114
522170,40
522180,3
522185,257
522200,30
522205,26
522220,4
522230,7
530010,8488
530090,3
666666,6
999999,4260
None,533
130230,4
130360,4
150100,4
170360,2
170389,3
170555,4
170625,2
170730,3
171090,2
171215,2
171245,8
171370,3
171700,5
171855,3
171875,3
172000,3
172093,3
210173,2
210312,4
210547,2
210565,5
211027,4
211178,1
220060,2
220117,3
220130,4
220209,1
220335,1
220345,1
220385,4
220500,2
220510,3
220535,2
220551,2
220555,4
220630,2
220660,7
220680,2
220785,3
220887,2
220910,1
220935,3
220937,3
220940,3
221010,3
221020,3
230390,4
240080,3
240240,2
240390,3
240410,2
240530,1
240680,3
240870,1
240910,5
241290,6
241320,6
241415,3
250340,1
250355,4
250415,3
250420,3
250580,2
250820,6
250855,4
250905,2
251030,3
251040,3
251220,9
251400,1
251440,3
251445,2
251500,2
251640,1
260150,2
260360,2
260740,7
261153,4
261200,2
261610,3
280270,4
290150,1
290180,7
290610,2
290640,1
290950,4
291010,2
291090,2
291660,2
291820,3
291960,3
292260,1
292405,5
292560,10
292710,1
292975,1
293245,4
293340,7
310250,2
310380,2
310640,4
310750,3
310945,1
311020,1
311190,1
311547,6
311850,7
311920,6
312083,4
312220,1
312340,3
312350,2
312460,2
312540,4
312630,1
312900,2
312940,3
312960,2
312965,6
313000,2
313055,1
313110,1
313390,4
313530,7
313590,3
313890,1
314250,3
314440,4
314570,2
314587,1
314670,2
314830,3
314995,1
315590,2
315620,2
315760,4
315800,1
315810,5
315830,8
315840,2
315860,2
315900,3
316020,1
316095,3
316130,2
316170,3
316257,2
316590,1
316610,5
316805,2
317047,3
320430,6
351385,1
351495,2
354610,2
354925,5
430222,6
430655,1
431065,3
431125,3
431171,10
431215,4
431342,2
431478,2
431513,3
431725,7
431844,3
432232,7
432255,4
432377,5
510500,15
520320,10
520505,5
520580,2
520815,4
521210,6
521260,4
521290,4
521350,2
521405,2
521410,1
521525,4
521540,1
521805,1
521870,1
521920,2
522026,2
522100,4
522150,6
522190,2
150640,1
170410,1
211102,4
220210,1
230910,1
240520,2
240630,1
250310,1
250650,1
251160,3
251300,1
251615,1
251700,1
261210,1
291125,2
310550,1
311115,1
311480,1
312015,1
312247,1
313507,1
314795,1
315890,1
316160,2
316490,2
330513,1
330590,1
430843,3
432235,1
520670,1
521487,1
521590,3
521960,1
522108,1
