,cases,cases,cases,cases,cases,cases,cases,cases,cases,cases,cases,cases,cases,cases,cases,cases,cases,cases,cases,cases,cases
year,2020,2020,2021,2021,2021,2021,2021,2021,2021,2021,2021,2021,2021,2021,2021,2021,2021,2021,2021,2021,2021
week,21,28,2,3,4,5,6,7,8,9,10,11,12,13,14,15,16,17,18,19,20
name,,,,,,,,,,,,,,,,,,,,,
Abatiá,0.0,0.0,0.0,798.0,1109.0,955.0,1498.0,778.0,537.0,1120.0,1442.0,1199.0,1997.0,1860.0,1641.0,2275.0,3000.0,2165.0,3071.0,2765.0,3017.0
Adrianópolis,0.0,0.0,0.0,2772.0,3393.0,2307.0,2436.0,1310.0,2938.0,4913.0,3551.0,3775.0,6884.0,6097.0,6162.0,6214.0,5236.0,6341.0,6438.0,6562.0,6766.0
Agudos do Sul,0.0,0.0,0.0,996.0,1270.0,776.0,1330.0,1340.0,557.0,1519.0,2070.0,2325.0,2819.0,2041.0,2104.0,2561.0,2645.0,2725.0,2846.0,2884.0,2444.0
Almirante Tamandaré,0.0,0.0,0.0,25644.0,30939.0,31692.0,27724.0,23678.0,24845.0,32283.0,35183.0,37386.0,46992.0,42015.0,50520.0,51974.0,53147.0,54087.0,47015.0,48063.0,57960.0
Altamira do Paraná,0.0,0.0,0.0,78.0,144.0,112.0,128.0,95.0,62.0,260.0,270.0,212.0,592.0,388.0,97.0,498.0,406.0,629.0,797.0,778.0,859.0
Alto Paraná,0.0,0.0,0.0,1322.0,2176.0,2360.0,2060.0,1710.0,896.0,1912.0,3134.0,2252.0,4076.0,1181.0,3754.0,3849.0,4580.0,4071.0,3562.0,3788.0,5636.0
Alto Paraíso,0.0,0.0,0.0,249.0,276.0,174.0,124.0,284.0,76.0,370.0,439.0,241.0,901.0,278.0,456.0,913.0,459.0,922.0,780.0,950.0,1002.0
Alto Piquiri,0.0,0.0,0.0,824.0,1741.0,914.0,967.0,659.0,1014.0,2075.0,2189.0,1943.0,2879.0,1688.0,1327.0,2733.0,2317.0,2929.0,2134.0,3487.0,3167.0
Altônia,0.0,0.0,0.0,2269.0,2865.0,2065.0,2886.0,1878.0,2670.0,3571.0,4609.0,4729.0,5615.0,4851.0,4879.0,4947.0,5861.0,5082.0,5133.0,6151.0,5442.0
Alvorada do Sul,0.0,0.0,0.0,1063.0,1709.0,912.0,1262.0,987.0,718.0,2343.0,2579.0,2443.0,4022.0,3596.0,4314.0,3738.0,3763.0,4404.0,3784.0,3843.0,4015.0
Amaporã,0.0,0.0,0.0,198.0,264.0,140.0,224.0,0.0,198.0,429.0,591.0,526.0,1008.0,479.0,354.0,631.0,670.0,454.0,1178.0,1549.0,1628.0
Ampére,0.0,0.0,0.0,1825.0,2958.0,2076.0,2712.0,1697.0,1272.0,4045.0,4278.0,3768.0,5662.0,3339.0,4289.0,4474.0,6436.0,6637.0,5959.0,6331.0,7063.0
Anahy,0.0,0.0,0.0,300.0,393.0,237.0,399.0,81.0,98.0,220.0,423.0,359.0,1040.0,873.0,226.0,483.0,756.0,1116.0,1881.0,1603.0,1633.0
Andirá,0.0,0.0,0.0,3579.0,4094.0,2682.0,4766.0,3014.0,2189.0,6690.0,6903.0,8400.0,8756.0,7788.0,8027.0,9615.0,7102.0,10330.0,9234.0,11403.0,10254.0
Antonina,0.0,0.0,0.0,5519.0,8413.0,8606.0,7287.0,7380.0,6064.0,9270.0,7897.0,11460.0,11850.0,8761.0,10795.0,11471.0,12051.0,14526.0,12700.0,12917.0,10944.0
Antônio Olinto,0.0,0.0,0.0,414.0,441.0,597.0,600.0,150.0,154.0,1026.0,748.0,1063.0,1409.0,1019.0,1309.0,1895.0,1993.0,1850.0,1930.0,1676.0,1806.0
Apucarana,0.0,0.0,2663.0,18267.0,20936.0,25642.0,26255.0,26909.0,27984.0,29157.0,30167.0,31354.0,32493.0,33974.0,35868.0,39231.0,43097.0,46382.0,49482.0,52109.0,54485.0
Arapongas,0.0,0.0,0.0,34681.0,35944.0,36963.0,38045.0,39190.0,47751.0,50083.0,44794.0,55177.0,57818.0,59568.0,61059.0,62636.0,64425.0,66380.0,68982.0,71959.0,75067.0
Arapoti,0.0,0.0,0.0,6256.0,6839.0,6312.0,6895.0,7372.0,7985.0,10165.0,8814.0,10926.0,13278.0,11673.0,11951.0,14452.0,15049.0,15487.0,13565.0,16304.0,16983.0
Arapuã,0.0,0.0,0.0,206.0,418.0,105.0,318.0,108.0,111.0,252.0,405.0,287.0,916.0,474.0,162.0,662.0,505.0,877.0,890.0,542.0,733.0
Araruna,0.0,0.0,0.0,2221.0,3569.0,1870.0,2547.0,1933.0,1328.0,3399.0,3587.0,3042.0,5610.0,4143.0,5182.0,5600.0,6842.0,7028.0,6251.0,6603.0,5992.0
Araucária,0.0,0.0,0.0,80543.0,83779.0,73880.0,62752.0,63743.0,93129.0,82687.0,87521.0,107755.0,115659.0,104164.0,125922.0,128953.0,132255.0,134961.0,117803.0,121184.0,146424.0
Ariranha do Ivaí,0.0,0.0,0.0,129.0,291.0,158.0,243.0,81.0,0.0,339.0,270.0,378.0,617.0,555.0,235.0,633.0,512.0,516.0,774.0,645.0,400.0
Assaí,0.0,0.0,0.0,2973.0,3112.0,3238.0,2741.0,3355.0,2905.0,3780.0,4964.0,4814.0,6349.0,5864.0,7081.0,7417.0,7664.0,7794.0,6805.0,7012.0,7183.0
Assis Chateaubriand,0.0,0.0,0.0,9636.0,10165.0,10548.0,9092.0,9526.0,12140.0,15229.0,13857.0,14818.0,18477.0,16535.0,16985.0,20223.0,20564.0,20922.0,15116.0,18674.0,23428.0
Astorga,0.0,0.0,0.0,5709.0,7109.0,6132.0,6311.0,6535.0,4167.0,8904.0,9616.0,10429.0,13480.0,10275.0,10715.0,15707.0,16277.0,16741.0,14797.0,12774.0,18595.0
Atalaia,0.0,0.0,0.0,574.0,591.0,618.0,469.0,159.0,537.0,839.0,699.0,501.0,1665.0,1154.0,906.0,630.0,1617.0,325.0,1976.0,1998.0,1689.0
Balsa Nova,0.0,0.0,0.0,1681.0,4096.0,3601.0,3102.0,3193.0,3433.0,4463.0,4930.0,5262.0,6761.0,6127.0,6310.0,6491.0,7790.0,7909.0,6997.0,7265.0,7616.0
Bandeirantes,0.0,0.0,0.0,9805.0,11844.0,8879.0,9054.0,9138.0,7563.0,11724.0,12111.0,12351.0,15016.0,13335.0,16285.0,17249.0,17972.0,18745.0,16721.0,20932.0,16127.0
Barbosa Ferraz,0.0,0.0,0.0,1149.0,2536.0,902.0,2856.0,1468.0,1517.0,3082.0,2624.0,2703.0,3908.0,4040.0,2973.0,3617.0,4453.0,4041.0,4457.0,6041.0,5641.0
Barra do Jacaré,0.0,0.0,0.0,307.0,351.0,198.0,436.0,229.0,239.0,490.0,642.0,276.0,966.0,414.0,279.0,1020.0,922.0,1095.0,785.0,794.0,804.0
Barracão,0.0,0.0,0.0,1132.0,2360.0,446.0,1444.0,0.0,1232.0,3252.0,3514.0,3757.0,5594.0,3293.0,4242.0,6270.0,4666.0,6723.0,5898.0,6092.0,6401.0
Bela Vista da Caroba,0.0,0.0,0.0,201.0,426.0,74.0,242.0,85.0,0.0,621.0,637.0,668.0,834.0,433.0,456.0,620.0,626.0,474.0,795.0,954.0,796.0
Bela Vista do Paraíso,0.0,0.0,0.0,2499.0,3444.0,3790.0,3346.0,2260.0,3431.0,4857.0,5486.0,8490.0,9469.0,8584.0,10379.0,10648.0,10873.0,11056.0,9655.0,8165.0,8328.0
Bituruna,0.0,0.0,0.0,582.0,950.0,354.0,593.0,819.0,214.0,729.0,1407.0,2149.0,3171.0,1871.0,3430.0,3572.0,2616.0,3269.0,2856.0,3031.0,3473.0
Boa Esperança,0.0,0.0,0.0,474.0,423.0,154.0,660.0,679.0,180.0,549.0,583.0,824.0,1535.0,911.0,466.0,1189.0,1195.0,1201.0,1219.0,749.0,1925.0
Boa Esperança do Iguaçu,0.0,0.0,0.0,372.0,283.0,96.0,291.0,0.0,194.0,301.0,309.0,218.0,567.0,116.0,120.0,240.0,362.0,252.0,544.0,834.0,570.0
Boa Ventura de São Roque,0.0,0.0,0.0,550.0,311.0,356.0,396.0,0.0,207.0,860.0,661.0,922.0,1754.0,781.0,799.0,1995.0,898.0,2294.0,2109.0,2189.0,2295.0
Boa Vista da Aparecida,0.0,0.0,0.0,1316.0,1716.0,351.0,1464.0,1165.0,2084.0,2622.0,2700.0,2825.0,3541.0,2077.0,2654.0,2800.0,2968.0,3199.0,3402.0,4307.0,3678.0
Bocaiúva do Sul,0.0,0.0,0.0,1893.0,3815.0,3238.0,2611.0,1981.0,1353.0,4159.0,2188.0,3921.0,5852.0,4354.0,6419.0,5851.0,7021.0,6414.0,7854.0,8735.0,11040.0
Bom Jesus do Sul,0.0,0.0,0.0,335.0,234.0,131.0,271.0,137.0,0.0,674.0,543.0,585.0,1238.0,628.0,216.0,664.0,893.0,688.0,1187.0,1021.0,672.0
Bom Sucesso,0.0,0.0,0.0,872.0,1251.0,289.0,1702.0,696.0,1874.0,2340.0,2064.0,1758.0,3239.0,2488.0,2136.0,1659.0,3518.0,3665.0,3127.0,3878.0,4032.0
Bom Sucesso do Sul,0.0,0.0,0.0,615.0,764.0,266.0,322.0,344.0,788.0,631.0,660.0,947.0,1510.0,1024.0,788.0,811.0,1708.0,1498.0,1535.0,1944.0,1733.0
Borrazópolis,0.0,0.0,0.0,1753.0,1790.0,1114.0,1908.0,1556.0,410.0,2128.0,2609.0,2668.0,3158.0,2297.0,2339.0,3322.0,3343.0,2918.0,3520.0,3175.0,2834.0
Braganey,0.0,0.0,0.0,362.0,688.0,156.0,850.0,523.0,213.0,1124.0,1201.0,769.0,1638.0,840.0,560.0,280.0,1735.0,1787.0,1815.0,1879.0,1626.0
Brasilândia do Sul,0.0,0.0,0.0,347.0,487.0,126.0,395.0,0.0,0.0,791.0,362.0,1237.0,1673.0,514.0,570.0,899.0,1530.0,1550.0,1285.0,1640.0,2052.0
Cafeara,0.0,0.0,0.0,342.0,508.0,281.0,573.0,290.0,0.0,783.0,497.0,556.0,1388.0,607.0,207.0,1275.0,651.0,666.0,1344.0,899.0,1162.0
Cafelândia,0.0,0.0,0.0,3767.0,4789.0,2926.0,6007.0,3049.0,4223.0,5383.0,5634.0,8283.0,8630.0,8817.0,6396.0,6500.0,7981.0,8302.0,7231.0,9230.0,8063.0
Cafezal do Sul,0.0,0.0,0.0,367.0,517.0,540.0,340.0,471.0,247.0,654.0,563.0,608.0,1169.0,716.0,370.0,776.0,1028.0,1116.0,940.0,766.0,1408.0
Califórnia,0.0,0.0,0.0,1210.0,2479.0,1693.0,1778.0,1842.0,1983.0,2661.0,3348.0,2925.0,4357.0,3958.0,4165.0,4992.0,4467.0,5388.0,5582.0,4972.0,6101.0
Cambará,0.0,0.0,0.0,3313.0,4299.0,3010.0,3159.0,3291.0,1863.0,5941.0,6584.0,8647.0,9737.0,7511.0,9805.0,12051.0,10595.0,12611.0,11011.0,11382.0,9800.0
Cambira,0.0,0.0,277.0,1499.0,1550.0,1251.0,1932.0,1008.0,354.0,1544.0,1634.0,2156.0,3308.0,2504.0,3219.0,4024.0,3687.0,4479.0,3986.0,4143.0,4330.0
Cambé,0.0,0.0,0.0,32610.0,34293.0,36108.0,44239.0,39188.0,48400.0,50625.0,52601.0,53823.0,55350.0,57103.0,58462.0,59609.0,60737.0,62335.0,63645.0,55210.0,65638.0
Campina Grande do Sul,0.0,0.0,0.0,12012.0,21627.0,19030.0,19530.0,16452.0,20149.0,20641.0,21214.0,21748.0,26445.0,27046.0,27333.0,27528.0,28011.0,24521.0,25727.0,26792.0,31772.0
Campina da Lagoa,0.0,0.0,0.0,1575.0,1730.0,1214.0,1637.0,371.0,412.0,2258.0,1976.0,2205.0,4313.0,3206.0,3299.0,3501.0,5643.0,6175.0,5712.0,6423.0,7200.0
Campina do Simão,0.0,0.0,0.0,90.0,140.0,35.0,187.0,38.0,38.0,219.0,167.0,405.0,890.0,724.0,207.0,1074.0,1139.0,1417.0,1444.0,1250.0,1615.0
Campo Bonito,0.0,0.0,0.0,288.0,520.0,110.0,227.0,366.0,394.0,891.0,1039.0,184.0,1264.0,1103.0,929.0,724.0,1225.0,1489.0,1276.0,1317.0,1632.0
Campo Largo,0.0,0.0,0.0,56089.0,58072.0,51156.0,43685.0,53864.0,56150.0,58914.0,73608.0,67175.0,83657.0,87687.0,91291.0,94534.0,97054.0,99019.0,86660.0,88643.0,90961.0
Campo Magro,0.0,0.0,1395.0,5667.0,10605.0,9638.0,8210.0,11910.0,10819.0,11520.0,12501.0,13171.0,16270.0,11898.0,16899.0,17065.0,17357.0,15126.0,15445.0,15831.0,16326.0
Campo Mourão,0.0,0.0,4153.0,29806.0,26810.0,28043.0,29203.0,25142.0,37375.0,33917.0,42560.0,45236.0,47574.0,41792.0,49787.0,51127.0,52810.0,54263.0,56210.0,50775.0,54457.0
Campo do Tenente,0.0,0.0,0.0,980.0,1817.0,854.0,1496.0,1509.0,1588.0,1959.0,1678.0,1344.0,2356.0,1693.0,1360.0,2046.0,1709.0,2055.0,1725.0,1734.0,1399.0
Candói,0.0,0.0,0.0,2026.0,2191.0,2336.0,1466.0,1507.0,1601.0,2258.0,4393.0,2680.0,5153.0,4572.0,5467.0,4783.0,5737.0,5890.0,4337.0,5477.0,5756.0
Cantagalo,0.0,0.0,0.0,1209.0,2614.0,1396.0,2884.0,1007.0,1750.0,4046.0,3745.0,5529.0,4976.0,4302.0,1740.0,6193.0,5333.0,5358.0,5390.0,4537.0,5517.0
Capanema,0.0,0.0,0.0,5137.0,5413.0,4504.0,4586.0,4715.0,1249.0,7916.0,7232.0,9363.0,11489.0,8431.0,10370.0,12276.0,12364.0,12428.0,8950.0,11033.0,11781.0
Capitão Leônidas Marques,0.0,0.0,0.0,2909.0,3694.0,1911.0,2606.0,2668.0,0.0,3641.0,3134.0,4235.0,6348.0,3747.0,2935.0,6152.0,5270.0,6518.0,5605.0,7095.0,7486.0
Carambeí,0.0,0.0,0.0,7622.0,8012.0,5560.0,5835.0,6020.0,4757.0,9895.0,7067.0,11449.0,14554.0,8698.0,13588.0,9558.0,12334.0,17754.0,15715.0,16361.0,17103.0
Carlópolis,0.0,0.0,0.0,1150.0,1910.0,1026.0,1748.0,1795.0,1484.0,2319.0,1190.0,2025.0,2962.0,1728.0,1763.0,3222.0,2866.0,3537.0,3210.0,3285.0,3330.0
Cascavel,0.0,0.0,19397.0,140655.0,146652.0,130607.0,134915.0,138745.0,169654.0,152805.0,188104.0,196566.0,205345.0,212537.0,218392.0,222276.0,224952.0,227241.0,230304.0,234373.0,204432.0
Castro,0.0,0.0,0.0,24776.0,30765.0,27712.0,23831.0,24410.0,25535.0,37082.0,33065.0,34220.0,42256.0,31395.0,38932.0,47393.0,49844.0,52068.0,46977.0,50092.0,62592.0
Catanduvas,0.0,0.0,0.0,1049.0,1345.0,823.0,878.0,1227.0,1012.0,2033.0,2259.0,2013.0,3309.0,2822.0,2961.0,3713.0,3814.0,3266.0,3405.0,3521.0,4491.0
Centenário do Sul,0.0,0.0,0.0,1610.0,2034.0,1408.0,1513.0,1200.0,2218.0,2822.0,2527.0,3321.0,3721.0,3857.0,3978.0,3418.0,3601.0,5116.0,4464.0,4548.0,3897.0
Cerro Azul,0.0,0.0,0.0,2316.0,2924.0,3119.0,2348.0,1983.0,1459.0,3973.0,4269.0,4438.0,6525.0,4749.0,6786.0,5898.0,5982.0,6047.0,6167.0,6312.0,7713.0
Chopinzinho,0.0,0.0,0.0,6712.0,8371.0,7226.0,7494.0,7646.0,7928.0,8291.0,8705.0,12750.0,13197.0,7660.0,13641.0,13863.0,13974.0,14084.0,12182.0,12347.0,12580.0
Cianorte,0.0,0.0,0.0,21557.0,22259.0,22825.0,23093.0,19381.0,28734.0,26395.0,33244.0,29784.0,36743.0,32538.0,39026.0,39845.0,40743.0,41670.0,36628.0,37648.0,39099.0
Cidade Gaúcha,0.0,0.0,0.0,3122.0,3793.0,2579.0,2022.0,1375.0,1414.0,4346.0,3722.0,3833.0,5595.0,4059.0,4111.0,5035.0,6062.0,5586.0,6243.0,5826.0,8328.0
Clevelândia,0.0,0.0,0.0,2085.0,4300.0,2963.0,3064.0,3961.0,0.0,6051.0,7075.0,9130.0,10131.0,6048.0,7761.0,7901.0,11301.0,9811.0,8233.0,11768.0,10178.0
Colombo,0.0,0.0,0.0,47381.0,57623.0,53147.0,54761.0,47070.0,58482.0,71807.0,65709.0,75192.0,95134.0,100472.0,103576.0,107511.0,111884.0,114674.0,101487.0,123772.0,129178.0
Colorado,0.0,0.0,0.0,2938.0,4709.0,4195.0,4494.0,4814.0,4167.0,6783.0,7451.0,8511.0,10656.0,9524.0,8227.0,10116.0,10215.0,12085.0,10779.0,11189.0,11770.0
Congonhinhas,0.0,0.0,0.0,433.0,490.0,1080.0,731.0,259.0,828.0,1737.0,1520.0,2312.0,2584.0,1992.0,2194.0,2876.0,3284.0,3667.0,3395.0,4405.0,4633.0
Conselheiro Mairinck,0.0,0.0,0.0,625.0,509.0,185.0,570.0,385.0,390.0,789.0,649.0,949.0,1606.0,1228.0,1336.0,1393.0,2190.0,1536.0,1618.0,2275.0,2571.0
Contenda,0.0,0.0,0.0,3158.0,5703.0,4171.0,4302.0,4426.0,1840.0,4831.0,5229.0,6742.0,8625.0,7746.0,8019.0,9863.0,10367.0,9108.0,9374.0,9921.0,10450.0
Corbélia,0.0,0.0,0.0,3101.0,4014.0,4438.0,3888.0,6319.0,2161.0,5645.0,5911.0,6003.0,8541.0,7397.0,6210.0,8735.0,7519.0,7559.0,6346.0,7731.0,7907.0
Cornélio Procópio,0.0,0.0,0.0,13251.0,12153.0,15217.0,15874.0,11935.0,19172.0,18300.0,23524.0,21479.0,26533.0,27397.0,27942.0,28616.0,29675.0,30504.0,27416.0,29079.0,31126.0
Coronel Domingos Soares,0.0,0.0,0.0,1653.0,2127.0,861.0,1302.0,873.0,1326.0,1916.0,2892.0,2659.0,4386.0,3080.0,4966.0,5395.0,3725.0,6885.0,5143.0,7543.0,6588.0
Coronel Vivida,0.0,0.0,0.0,5459.0,6925.0,6039.0,6453.0,7153.0,9918.0,12911.0,12078.0,12960.0,16192.0,11905.0,16951.0,17229.0,17488.0,17691.0,15372.0,15610.0,18864.0
Corumbataí do Sul,0.0,0.0,0.0,376.0,789.0,138.0,723.0,149.0,150.0,791.0,1022.0,700.0,1096.0,368.0,836.0,1118.0,1377.0,1635.0,1641.0,1461.0,1030.0
Cruz Machado,0.0,0.0,0.0,608.0,644.0,229.0,1165.0,718.0,0.0,1996.0,1821.0,2157.0,2959.0,2168.0,2881.0,3006.0,4327.0,3841.0,3311.0,3413.0,3655.0
Cruzeiro do Iguaçu,0.0,0.0,0.0,937.0,951.0,0.0,727.0,0.0,733.0,492.0,1235.0,1009.0,1791.0,523.0,532.0,1064.0,1064.0,1339.0,1614.0,1081.0,1104.0
Cruzeiro do Oeste,0.0,0.0,0.0,6148.0,6518.0,6714.0,5525.0,8466.0,4363.0,9049.0,9261.0,9471.0,11301.0,8214.0,9981.0,10174.0,8744.0,10825.0,11141.0,11761.0,12453.0
Cruzeiro do Sul,0.0,0.0,0.0,249.0,256.0,206.0,295.0,0.0,140.0,755.0,697.0,1076.0,1624.0,721.0,773.0,1298.0,1315.0,813.0,1386.0,1427.0,1740.0
Cruzmaltina,0.0,0.0,0.0,237.0,251.0,94.0,310.0,213.0,358.0,661.0,560.0,435.0,1083.0,807.0,344.0,887.0,1110.0,746.0,1156.0,783.0,1238.0
Curitiba,0.0,0.0,0.0,535697.0,538726.0,464044.0,465899.0,580956.0,594802.0,648558.0,906014.0,929306.0,957043.0,976739.0,989699.0,1001283.0,1014538.0,1024708.0,1038331.0,1059887.0,1083977.0
Curiúva,0.0,0.0,0.0,1996.0,2204.0,1959.0,2236.0,3071.0,1959.0,3489.0,3667.0,4537.0,5621.0,6087.0,6305.0,6463.0,6693.0,6933.0,6030.0,5198.0,6649.0
Cândido de Abreu,0.0,0.0,0.0,936.0,1053.0,1117.0,964.0,1043.0,1461.0,2079.0,2020.0,2670.0,3446.0,2070.0,3381.0,4133.0,4325.0,4648.0,3505.0,4347.0,4553.0
Céu Azul,0.0,0.0,0.0,2127.0,2790.0,2008.0,2094.0,2651.0,1690.0,3517.0,3843.0,3309.0,4952.0,3552.0,2147.0,3704.0,4712.0,4883.0,4389.0,5578.0,5785.0
Diamante D'Oeste,0.0,0.0,0.0,929.0,1187.0,1230.0,1047.0,560.0,1207.0,1537.0,1572.0,1588.0,2239.0,1288.0,1312.0,2355.0,2085.0,1801.0,1858.0,1938.0,2104.0
Diamante do Norte,0.0,0.0,0.0,408.0,431.0,408.0,276.0,138.0,286.0,717.0,598.0,777.0,984.0,845.0,543.0,561.0,965.0,386.0,1024.0,1033.0,1297.0
Diamante do Sul,0.0,0.0,0.0,239.0,521.0,134.0,409.0,0.0,0.0,393.0,727.0,251.0,1667.0,1698.0,573.0,1179.0,1194.0,1499.0,1505.0,1818.0,1515.0
Dois Vizinhos,0.0,0.0,0.0,22818.0,19245.0,19493.0,19707.0,24169.0,25065.0,25985.0,27055.0,27961.0,33629.0,29386.0,34745.0,35268.0,35887.0,36456.0,31887.0,32836.0,33727.0
Douradina,0.0,0.0,223.0,712.0,1008.0,536.0,1138.0,882.0,631.0,2086.0,1897.0,2062.0,2675.0,1407.0,2456.0,2521.0,3074.0,2598.0,2656.0,3361.0,3583.0
Doutor Camargo,0.0,0.0,0.0,1086.0,2231.0,2293.0,1915.0,1157.0,802.0,2064.0,2119.0,2147.0,3108.0,1798.0,0.0,2291.0,2788.0,3287.0,2361.0,2373.0,2873.0
Doutor Ulysses,0.0,0.0,0.0,450.0,788.0,325.0,169.0,190.0,192.0,615.0,828.0,624.0,1271.0,860.0,1296.0,1302.0,868.0,868.0,870.0,875.0,995.0
Engenheiro Beltrão,0.0,0.0,0.0,2923.0,2523.0,1580.0,2194.0,1694.0,2313.0,2995.0,3813.0,3984.0,5005.0,3858.0,3241.0,3333.0,5957.0,5180.0,5257.0,3674.0,4984.0
Entre Rios do Oeste,0.0,0.0,0.0,508.0,686.0,349.0,731.0,0.0,207.0,859.0,912.0,706.0,1755.0,1034.0,0.0,276.0,1113.0,279.0,579.0,913.0,991.0
Enéas Marques,0.0,0.0,0.0,1062.0,1771.0,356.0,1437.0,730.0,768.0,1994.0,2482.0,3066.0,3149.0,1368.0,1418.0,2424.0,2976.0,2541.0,2631.0,3251.0,2780.0
Esperança Nova,0.0,0.0,0.0,474.0,653.0,0.0,519.0,184.0,0.0,814.0,629.0,633.0,1506.0,218.0,445.0,461.0,945.0,243.0,979.0,998.0,1522.0
Espigão Alto do Iguaçu,0.0,0.0,0.0,441.0,596.0,460.0,473.0,323.0,492.0,834.0,894.0,744.0,1253.0,659.0,478.0,726.0,992.0,757.0,1033.0,1586.0,1354.0
Farol,0.0,0.0,0.0,260.0,250.0,149.0,231.0,79.0,0.0,345.0,277.0,297.0,605.0,307.0,212.0,424.0,638.0,535.0,541.0,688.0,628.0
Faxinal,0.0,0.0,0.0,2686.0,4321.0,2995.0,3879.0,3215.0,3489.0,4492.0,5674.0,5926.0,7337.0,5496.0,8099.0,8302.0,8579.0,7702.0,9727.0,7420.0,9684.0
Fazenda Rio Grande,0.0,0.0,0.0,33745.0,40359.0,35695.0,36580.0,43534.0,38828.0,40749.0,43446.0,46201.0,58678.0,52655.0,63951.0,66304.0,68556.0,70571.0,62550.0,65070.0,79156.0
Fernandes Pinheiro,0.0,0.0,0.0,820.0,1276.0,221.0,694.0,236.0,479.0,1203.0,1535.0,1045.0,1586.0,539.0,1376.0,1785.0,1555.0,1898.0,1621.0,1741.0,1915.0
Figueira,0.0,0.0,0.0,642.0,1077.0,1138.0,1751.0,685.0,454.0,2519.0,2213.0,2335.0,4311.0,3775.0,3164.0,3189.0,3206.0,3250.0,4649.0,3413.0,3575.0
Flor da Serra do Sul,0.0,0.0,0.0,657.0,1132.0,461.0,939.0,236.0,241.0,793.0,986.0,1107.0,2735.0,807.0,827.0,2093.0,2616.0,1778.0,2266.0,2280.0,2341.0
Floraí,0.0,0.0,0.0,384.0,1061.0,881.0,1146.0,474.0,726.0,1260.0,801.0,1416.0,2084.0,1216.0,609.0,624.0,1937.0,1349.0,1781.0,1800.0,1828.0
Floresta,0.0,0.0,0.0,1608.0,2549.0,2208.0,1801.0,1404.0,552.0,2886.0,3190.0,3477.0,5108.0,3838.0,3209.0,3292.0,5885.0,5124.0,4327.0,5249.0,4427.0
Florestópolis,0.0,0.0,0.0,1873.0,2444.0,1545.0,2630.0,1071.0,575.0,2961.0,2465.0,3159.0,4747.0,2886.0,5296.0,4694.0,4831.0,5768.0,4188.0,4305.0,4484.0
Flórida,0.0,0.0,0.0,292.0,814.0,532.0,561.0,196.0,0.0,852.0,668.0,454.0,910.0,462.0,949.0,478.0,977.0,749.0,1285.0,1325.0,1354.0
Formosa do Oeste,0.0,0.0,0.0,756.0,805.0,425.0,673.0,230.0,233.0,1502.0,1058.0,1357.0,1978.0,1444.0,1460.0,1528.0,1580.0,2015.0,1732.0,1809.0,2300.0
Foz do Iguaçu,0.0,0.0,0.0,109934.0,158843.0,141560.0,172417.0,152314.0,188683.0,170990.0,210512.0,186166.0,224787.0,197251.0,199943.0,236702.0,240340.0,243392.0,211910.0,253293.0,259726.0
Foz do Jordão,0.0,0.0,0.0,638.0,1612.0,333.0,707.0,0.0,369.0,1570.0,1627.0,1257.0,2181.0,1784.0,2309.0,2793.0,2826.0,1897.0,2400.0,2923.0,2457.0
Francisco Alves,0.0,0.0,0.0,585.0,1107.0,863.0,1482.0,916.0,1248.0,1903.0,1928.0,1953.0,2352.0,1375.0,1833.0,2255.0,1895.0,2289.0,2302.0,1544.0,1957.0
Francisco Beltrão,0.0,0.0,0.0,34684.0,35941.0,36634.0,31185.0,25779.0,33972.0,43496.0,46335.0,56702.0,61316.0,56300.0,68653.0,71432.0,73801.0,76165.0,67481.0,82505.0,74182.0
Fênix,0.0,0.0,0.0,712.0,773.0,202.0,613.0,208.0,435.0,1168.0,476.0,989.0,1525.0,774.0,525.0,1054.0,1337.0,1100.0,1376.0,1404.0,1429.0
General Carneiro,0.0,0.0,0.0,632.0,634.0,0.0,336.0,507.0,175.0,908.0,748.0,1122.0,1315.0,752.0,752.0,763.0,977.0,999.0,1139.0,1702.0,1331.0
Godoy Moreira,0.0,0.0,0.0,113.0,124.0,41.0,124.0,86.0,0.0,172.0,310.0,251.0,448.0,256.0,386.0,266.0,340.0,340.0,409.0,283.0,230.0
Goioerê,0.0,0.0,0.0,1368.0,3650.0,2223.0,3515.0,3555.0,3633.0,3733.0,4722.0,4525.0,5544.0,4829.0,6363.0,6804.0,6914.0,7202.0,6646.0,7070.0,7280.0
Goioxim,0.0,0.0,0.0,793.0,623.0,213.0,445.0,454.0,461.0,1222.0,1062.0,1421.0,2177.0,1591.0,645.0,2268.0,1944.0,1947.0,2337.0,2440.0,2173.0
Grandes Rios,0.0,0.0,0.0,501.0,769.0,406.0,1084.0,225.0,711.0,1236.0,1708.0,1813.0,2248.0,2001.0,1715.0,2091.0,1748.0,2102.0,2161.0,1890.0,1941.0
Guairaçá,0.0,0.0,0.0,510.0,558.0,408.0,645.0,222.0,516.0,541.0,1122.0,1180.0,2134.0,1247.0,1262.0,1285.0,1310.0,990.0,1665.0,1352.0,1381.0
Guamiranga,0.0,0.0,0.0,593.0,1029.0,1061.0,435.0,450.0,693.0,939.0,734.0,1283.0,1866.0,810.0,1135.0,1834.0,1704.0,2704.0,2443.0,3878.0,4019.0
Guapirama,0.0,0.0,0.0,265.0,295.0,119.0,243.0,366.0,125.0,522.0,720.0,752.0,1103.0,645.0,832.0,1278.0,1004.0,1284.0,1134.0,1656.0,1667.0
Guaporema,0.0,0.0,0.0,323.0,411.0,91.0,205.0,223.0,120.0,480.0,493.0,129.0,798.0,402.0,138.0,138.0,742.0,466.0,638.0,657.0,826.0
Guaraci,0.0,0.0,0.0,347.0,949.0,212.0,880.0,238.0,314.0,1621.0,1742.0,2238.0,2397.0,2117.0,1339.0,2354.0,1921.0,2929.0,1968.0,1983.0,2504.0
Guaraniaçu,0.0,0.0,0.0,1348.0,1775.0,1903.0,2051.0,1886.0,1052.0,3470.0,3034.0,3196.0,4738.0,3540.0,3728.0,4757.0,5045.0,5445.0,5881.0,5160.0,6425.0
Guarapuava,0.0,0.0,6184.0,45747.0,48786.0,51312.0,54094.0,48381.0,51515.0,55312.0,69114.0,62838.0,78337.0,70099.0,84869.0,88005.0,91511.0,95233.0,101131.0,92820.0,99751.0
Guaraqueçaba,0.0,0.0,0.0,765.0,1005.0,1084.0,1125.0,1193.0,1323.0,1352.0,1375.0,1422.0,2262.0,1731.0,2336.0,2366.0,3030.0,3119.0,3217.0,2758.0,4051.0
Guaratuba,0.0,0.0,0.0,7886.0,14590.0,13092.0,13827.0,12367.0,19436.0,17933.0,19460.0,20613.0,25420.0,22545.0,26738.0,27124.0,27463.0,27813.0,24069.0,24526.0,25105.0
Guaíra,0.0,0.0,0.0,3373.0,7136.0,6269.0,7861.0,8114.0,8592.0,9659.0,10949.0,11805.0,14747.0,11034.0,13740.0,16557.0,17006.0,17813.0,15886.0,16422.0,16966.0
Honório Serpa,0.0,0.0,0.0,785.0,604.0,222.0,694.0,516.0,305.0,1607.0,1406.0,2259.0,2761.0,1617.0,2493.0,2557.0,2178.0,2212.0,1337.0,1377.0,2337.0
Ibaiti,0.0,0.0,0.0,4292.0,5471.0,4781.0,4980.0,5176.0,5519.0,7227.0,8022.0,8932.0,11887.0,9542.0,14156.0,14884.0,13244.0,15870.0,13963.0,14629.0,15741.0
Ibema,0.0,0.0,0.0,470.0,507.0,133.0,297.0,470.0,335.0,751.0,838.0,896.0,1456.0,992.0,1007.0,1331.0,904.0,1608.0,1687.0,1762.0,1473.0
Ibiporã,0.0,0.0,0.0,15225.0,16108.0,17252.0,18264.0,16096.0,20318.0,21152.0,21915.0,22834.0,27655.0,28502.0,29119.0,30241.0,31498.0,32235.0,28120.0,34510.0,36035.0
Icaraíma,0.0,0.0,0.0,878.0,1288.0,1423.0,1904.0,1181.0,2187.0,2418.0,3117.0,2768.0,4019.0,2913.0,2345.0,2358.0,2995.0,3647.0,3685.0,3730.0,3778.0
Iguaraçu,0.0,0.0,0.0,462.0,487.0,637.0,681.0,582.0,319.0,718.0,1296.0,1293.0,2019.0,1520.0,982.0,1368.0,1861.0,2380.0,2010.0,1225.0,2075.0
Iguatu,0.0,0.0,0.0,191.0,291.0,297.0,200.0,0.0,111.0,352.0,386.0,428.0,908.0,460.0,323.0,166.0,868.0,537.0,555.0,562.0,758.0
Imbaú,0.0,0.0,0.0,2980.0,2314.0,1611.0,3361.0,3482.0,0.0,6368.0,6505.0,3761.0,6717.0,5870.0,6080.0,7557.0,8188.0,7514.0,8113.0,8666.0,9073.0
Imbituva,0.0,0.0,0.0,5766.0,10628.0,7973.0,8235.0,6798.0,5247.0,11069.0,9678.0,12319.0,15149.0,8876.0,13607.0,16291.0,9543.0,17255.0,15385.0,13452.0,14889.0
Inajá,0.0,0.0,0.0,269.0,182.0,380.0,287.0,195.0,0.0,216.0,347.0,125.0,778.0,399.0,0.0,420.0,429.0,449.0,479.0,868.0,826.0
Indianópolis,0.0,0.0,0.0,615.0,948.0,0.0,1345.0,340.0,694.0,1403.0,1782.0,1440.0,2224.0,1171.0,2217.0,3191.0,3486.0,3617.0,3876.0,3400.0,3535.0
Inácio Martins,0.0,0.0,0.0,1201.0,2062.0,1439.0,1487.0,1515.0,790.0,2895.0,2596.0,2269.0,2885.0,1957.0,3013.0,3613.0,2607.0,3149.0,3242.0,3434.0,3552.0
Ipiranga,0.0,0.0,0.0,1498.0,1326.0,1172.0,1655.0,1480.0,827.0,2848.0,2584.0,3257.0,3386.0,2889.0,3590.0,4626.0,4424.0,4875.0,4404.0,5598.0,5828.0
Iporã,0.0,0.0,0.0,770.0,1765.0,1348.0,1491.0,1628.0,1753.0,2842.0,3232.0,3535.0,3765.0,3260.0,4036.0,5047.0,4576.0,3963.0,5020.0,5454.0,6126.0
Iracema do Oeste,0.0,0.0,0.0,225.0,300.0,0.0,150.0,76.0,0.0,414.0,365.0,262.0,660.0,397.0,268.0,402.0,670.0,134.0,670.0,670.0,692.0
Irati,0.0,0.0,0.0,16757.0,20366.0,14828.0,15095.0,15365.0,22514.0,20008.0,24302.0,21318.0,25587.0,18693.0,26870.0,27601.0,28729.0,30370.0,28038.0,31015.0,34186.0
Iretama,0.0,0.0,0.0,918.0,1688.0,300.0,1617.0,1030.0,1086.0,1922.0,2101.0,2254.0,3345.0,2521.0,2088.0,3178.0,3214.0,2706.0,2790.0,2287.0,3033.0
Itaguajé,0.0,0.0,0.0,242.0,487.0,373.0,378.0,129.0,145.0,488.0,1088.0,776.0,849.0,864.0,0.0,666.0,934.0,702.0,941.0,1677.0,1221.0
Itaipulândia,0.0,0.0,0.0,1876.0,4103.0,3687.0,4726.0,3237.0,2512.0,5147.0,4469.0,4696.0,6894.0,4081.0,5244.0,5411.0,5499.0,6660.0,6707.0,6825.0,5808.0
Itambaracá,0.0,0.0,0.0,735.0,1018.0,886.0,692.0,738.0,279.0,2032.0,1525.0,2381.0,2963.0,1307.0,1825.0,1915.0,1961.0,1978.0,2535.0,2108.0,2721.0
Itambé,0.0,0.0,399.0,1629.0,2542.0,2604.0,2204.0,1783.0,908.0,2317.0,1943.0,1534.0,3763.0,2202.0,1788.0,1845.0,3153.0,3885.0,3279.0,3293.0,4008.0
Itapejara d'Oeste,0.0,0.0,0.0,2298.0,2966.0,627.0,3370.0,712.0,2617.0,5610.0,5038.0,7526.0,8326.0,5091.0,8070.0,5582.0,8524.0,10094.0,8752.0,8952.0,7718.0
Itaperuçu,0.0,0.0,1641.0,8243.0,12056.0,8839.0,9033.0,5534.0,1943.0,10179.0,13684.0,15054.0,19264.0,17274.0,20686.0,15066.0,18661.0,22115.0,19382.0,23074.0,23644.0
Itaúna do Sul,0.0,0.0,0.0,236.0,426.0,193.0,410.0,210.0,214.0,225.0,348.0,232.0,832.0,365.0,383.0,402.0,707.0,431.0,583.0,900.0,839.0
Ivaiporã,0.0,0.0,0.0,7501.0,7666.0,7900.0,8170.0,8513.0,7434.0,9711.0,8709.0,11093.0,13564.0,12279.0,14980.0,15238.0,15479.0,15698.0,16056.0,14397.0,15201.0
Ivatuba,0.0,0.0,0.0,300.0,460.0,623.0,624.0,0.0,178.0,742.0,977.0,394.0,1433.0,1037.0,638.0,643.0,1520.0,1321.0,1105.0,1111.0,1123.0
Ivaté,0.0,0.0,0.0,458.0,811.0,836.0,337.0,701.0,532.0,897.0,964.0,1283.0,1416.0,1242.0,1031.0,1055.0,1340.0,834.0,886.0,1600.0,2020.0
Ivaí,0.0,0.0,0.0,1181.0,1801.0,914.0,1249.0,1263.0,992.0,2112.0,1819.0,1895.0,2822.0,1657.0,2533.0,2161.0,3076.0,2234.0,2739.0,2992.0,3619.0
Jaboti,0.0,0.0,0.0,265.0,518.0,0.0,432.0,331.0,126.0,788.0,572.0,459.0,1151.0,695.0,193.0,1026.0,854.0,896.0,1428.0,1486.0,1393.0
Jacarezinho,0.0,0.0,0.0,10587.0,13144.0,9897.0,10483.0,13328.0,12271.0,16284.0,17748.0,22532.0,24087.0,14651.0,27129.0,28213.0,25137.0,30253.0,26847.0,28005.0,29180.0
Jaguapitã,0.0,0.0,0.0,3462.0,4369.0,3895.0,2479.0,2537.0,2701.0,5927.0,5455.0,5991.0,9118.0,8157.0,10034.0,9190.0,9741.0,11757.0,10166.0,8590.0,10423.0
Jaguariaíva,0.0,0.0,0.0,6198.0,7912.0,7035.0,5870.0,9222.0,9824.0,10474.0,11332.0,12071.0,15271.0,13891.0,17001.0,17865.0,18498.0,19040.0,16894.0,17557.0,18474.0
Jandaia do Sul,0.0,20.0,962.0,4237.0,6879.0,7592.0,6802.0,8588.0,8838.0,10965.0,11880.0,12443.0,13283.0,11736.0,14012.0,14285.0,14539.0,14850.0,13070.0,13560.0,16218.0
Janiópolis,0.0,0.0,0.0,963.0,1020.0,430.0,966.0,785.0,549.0,1440.0,1819.0,922.0,2204.0,1585.0,2007.0,2059.0,2070.0,1733.0,2152.0,1831.0,1896.0
Japira,0.0,0.0,0.0,712.0,790.0,216.0,876.0,438.0,670.0,1418.0,739.0,1280.0,1924.0,1493.0,1599.0,2403.0,2189.0,1948.0,1993.0,2489.0,2182.0
Japurá,0.0,0.0,0.0,1305.0,1010.0,694.0,1406.0,1421.0,375.0,2375.0,2099.0,2192.0,3118.0,1341.0,1347.0,904.0,2749.0,1857.0,2371.0,2539.0,3731.0
Jardim Alegre,0.0,0.0,0.0,772.0,1080.0,864.0,1254.0,1361.0,1529.0,2524.0,2268.0,2936.0,3642.0,2798.0,2856.0,4214.0,4302.0,4386.0,3856.0,3328.0,4192.0
Jardim Olinda,0.0,0.0,0.0,44.0,66.0,0.0,44.0,0.0,0.0,52.0,66.0,34.0,136.0,34.0,34.0,73.0,78.0,78.0,79.0,177.0,196.0
Jataizinho,0.0,0.0,0.0,4988.0,5308.0,3776.0,3861.0,2025.0,6414.0,6841.0,7332.0,6385.0,9283.0,8146.0,8275.0,9877.0,10134.0,10207.0,8829.0,7459.0,9156.0
Jesuítas,0.0,0.0,0.0,1148.0,2047.0,866.0,1798.0,1818.0,2332.0,2417.0,2484.0,3074.0,3789.0,1688.0,3495.0,2382.0,4242.0,2457.0,3194.0,3272.0,4048.0
Joaquim Távora,0.0,0.0,0.0,900.0,1209.0,1271.0,1301.0,1000.0,1449.0,2112.0,2882.0,3036.0,3898.0,3489.0,4175.0,6632.0,6145.0,6343.0,6737.0,7495.0,8382.0
Jundiaí do Sul,0.0,0.0,0.0,244.0,417.0,97.0,296.0,106.0,349.0,491.0,776.0,277.0,1019.0,584.0,441.0,754.0,928.0,630.0,645.0,836.0,870.0
Juranda,0.0,0.0,0.0,725.0,1122.0,191.0,632.0,222.0,256.0,1868.0,1127.0,387.0,2919.0,2195.0,1371.0,2349.0,2899.0,2547.0,2689.0,3482.0,3085.0
Jussara,0.0,0.0,0.0,1117.0,1786.0,289.0,1207.0,975.0,1042.0,1505.0,2744.0,2424.0,2524.0,1752.0,1836.0,1866.0,2850.0,1954.0,2059.0,3197.0,3267.0
Kaloré,0.0,0.0,0.0,1421.0,1125.0,2168.0,3114.0,1078.0,601.0,2428.0,3812.0,2646.0,4834.0,2115.0,3669.0,3815.0,4681.0,4000.0,4909.0,4190.0,2627.0
Lapa,0.0,0.0,0.0,14413.0,12922.0,11093.0,13540.0,16002.0,13879.0,14008.0,16678.0,14805.0,17725.0,12833.0,15958.0,19646.0,20141.0,20258.0,17501.0,20828.0,17986.0
Laranjal,0.0,0.0,0.0,194.0,156.0,62.0,126.0,63.0,64.0,385.0,260.0,236.0,455.0,387.0,404.0,509.0,523.0,667.0,839.0,764.0,724.0
Laranjeiras do Sul,0.0,0.0,0.0,3246.0,4448.0,4222.0,4402.0,4619.0,5806.0,6077.0,6653.0,8006.0,8389.0,7457.0,7961.0,9995.0,8781.0,10614.0,9383.0,9794.0,10231.0
Leópolis,0.0,0.0,0.0,1028.0,651.0,1010.0,789.0,267.0,552.0,836.0,1136.0,290.0,1757.0,1189.0,1560.0,1619.0,1315.0,1337.0,1370.0,2116.0,1798.0
Lidianópolis,0.0,0.0,0.0,384.0,317.0,238.0,498.0,400.0,0.0,868.0,735.0,599.0,1484.0,1095.0,683.0,1475.0,1264.0,1830.0,1356.0,1431.0,1836.0
Lindoeste,0.0,0.0,0.0,864.0,1094.0,669.0,930.0,752.0,252.0,1370.0,1438.0,1235.0,2240.0,1938.0,1299.0,1962.0,1635.0,2308.0,1656.0,2019.0,1745.0
Loanda,0.0,0.0,0.0,3393.0,5868.0,4917.0,7600.0,2598.0,4160.0,8582.0,8802.0,8971.0,10597.0,7700.0,9397.0,11046.0,11185.0,11340.0,9916.0,11968.0,10538.0
Lobato,0.0,0.0,0.0,409.0,759.0,877.0,631.0,478.0,283.0,1728.0,903.0,943.0,2045.0,1048.0,730.0,2255.0,1904.0,1559.0,1980.0,1611.0,2073.0
Londrina,0.0,0.0,31164.0,192461.0,239132.0,216683.0,225382.0,272353.0,281946.0,294444.0,305445.0,313517.0,322076.0,329368.0,335079.0,341300.0,346904.0,353239.0,361393.0,369420.0,378610.0
Luiziana,0.0,0.0,0.0,762.0,520.0,578.0,461.0,483.0,508.0,1217.0,906.0,813.0,2138.0,951.0,1305.0,994.0,2005.0,1722.0,1450.0,2329.0,2059.0
Lunardelli,0.0,0.0,0.0,379.0,314.0,120.0,365.0,124.0,311.0,648.0,941.0,1176.0,1401.0,1223.0,1066.0,1100.0,1126.0,1396.0,1216.0,1296.0,1330.0
Lupionópolis,0.0,0.0,0.0,521.0,580.0,128.0,555.0,302.0,177.0,1008.0,679.0,949.0,1478.0,494.0,750.0,1014.0,772.0,1302.0,1315.0,1332.0,543.0
Mallet,0.0,0.0,0.0,904.0,1266.0,548.0,1167.0,892.0,612.0,1874.0,1604.0,1330.0,2440.0,1793.0,1842.0,2631.0,2287.0,1945.0,2413.0,2618.0,2587.0
Mamborê,0.0,0.0,0.0,1654.0,2617.0,2311.0,1910.0,1476.0,0.0,3115.0,2125.0,2791.0,4028.0,2936.0,1832.0,4403.0,4486.0,3921.0,4036.0,4158.0,4460.0
Mandaguari,0.0,0.0,0.0,6401.0,8263.0,8920.0,7878.0,8277.0,13308.0,12842.0,14288.0,17926.0,19870.0,17825.0,18133.0,21844.0,22435.0,23008.0,23528.0,20570.0,24803.0
Mandaguaçu,0.0,0.0,0.0,6504.0,8080.0,8441.0,7263.0,6012.0,9511.0,8293.0,10692.0,11487.0,14418.0,8660.0,13772.0,14310.0,17048.0,17326.0,15197.0,13151.0,16685.0
Mandirituba,0.0,0.0,0.0,6193.0,9110.0,6783.0,8485.0,7318.0,4792.0,8765.0,9678.0,10479.0,15992.0,14342.0,14700.0,15071.0,15610.0,15875.0,16202.0,13741.0,16957.0
Manfrinópolis,0.0,0.0,0.0,248.0,265.0,180.0,182.0,91.0,93.0,281.0,305.0,341.0,925.0,405.0,431.0,592.0,751.0,611.0,937.0,971.0,674.0
Mangueirinha,0.0,0.0,0.0,3148.0,4877.0,4151.0,4245.0,4404.0,5448.0,4672.0,5954.0,7318.0,7715.0,4527.0,5848.0,8535.0,7474.0,8801.0,7637.0,7824.0,6818.0
Manoel Ribas,0.0,0.0,0.0,1994.0,2746.0,3624.0,3125.0,3182.0,1989.0,3449.0,3575.0,3743.0,5939.0,5496.0,6828.0,6088.0,5182.0,6325.0,6469.0,5507.0,6831.0
Marechal Cândido Rondon,0.0,0.0,0.0,10354.0,15980.0,16409.0,11256.0,11700.0,15607.0,20191.0,21456.0,22449.0,27478.0,24425.0,24991.0,29677.0,30071.0,30490.0,26580.0,27265.0,28285.0
Maria Helena,0.0,0.0,0.0,673.0,1170.0,990.0,539.0,551.0,838.0,1138.0,1458.0,1502.0,2242.0,1321.0,1381.0,1779.0,2511.0,2528.0,2235.0,1908.0,2038.0
Marialva,0.0,0.0,0.0,7173.0,11262.0,11963.0,10447.0,10885.0,13862.0,14873.0,16311.0,17366.0,21652.0,16188.0,19953.0,24030.0,24706.0,25547.0,22694.0,23979.0,25237.0
Marilena,0.0,0.0,0.0,310.0,516.0,193.0,652.0,223.0,729.0,995.0,770.0,793.0,1889.0,818.0,832.0,1704.0,1448.0,877.0,1807.0,1887.0,1400.0
Mariluz,0.0,0.0,0.0,1716.0,2301.0,1431.0,2454.0,2564.0,2369.0,3155.0,3877.0,3324.0,4078.0,2767.0,3567.0,2995.0,3857.0,4834.0,5122.0,4415.0,5870.0
Marilândia do Sul,0.0,0.0,0.0,899.0,1539.0,1266.0,1300.0,1306.0,670.0,2576.0,2317.0,1997.0,3006.0,2376.0,3200.0,3853.0,3993.0,3702.0,3963.0,4214.0,5610.0
Maringá,0.0,0.0,25381.0,159914.0,192792.0,169798.0,204831.0,182101.0,221170.0,230880.0,248319.0,262252.0,274884.0,283742.0,290730.0,296076.0,301143.0,306350.0,312359.0,318139.0,327043.0
Maripá,0.0,0.0,0.0,522.0,966.0,660.0,751.0,549.0,894.0,1530.0,983.0,1105.0,2769.0,1244.0,1690.0,2572.0,1727.0,2631.0,2234.0,2282.0,2832.0
Mariópolis,0.0,0.0,0.0,477.0,996.0,342.0,701.0,0.0,637.0,1047.0,1228.0,1661.0,2080.0,1863.0,1555.0,2133.0,2687.0,936.0,2460.0,3535.0,2572.0
Marmeleiro,0.0,0.0,0.0,3177.0,4032.0,3263.0,4177.0,2541.0,2834.0,6056.0,5464.0,5748.0,8504.0,5064.0,6753.0,8547.0,10392.0,10666.0,9338.0,9578.0,10037.0
Marquinho,0.0,0.0,0.0,169.0,126.0,68.0,284.0,0.0,83.0,508.0,170.0,259.0,554.0,493.0,215.0,615.0,835.0,729.0,772.0,818.0,896.0
Marumbi,0.0,0.0,302.0,531.0,996.0,405.0,624.0,628.0,446.0,694.0,735.0,1041.0,1927.0,1430.0,1199.0,1297.0,1708.0,1715.0,1754.0,1850.0,2421.0
Matelândia,0.0,0.0,0.0,7882.0,6691.0,6829.0,5592.0,5700.0,7412.0,9171.0,9447.0,9674.0,11519.0,10066.0,10207.0,12330.0,12889.0,13593.0,12387.0,13260.0,14179.0
Matinhos,0.0,0.0,0.0,4654.0,8726.0,8071.0,7092.0,7404.0,11099.0,10380.0,10915.0,11261.0,13588.0,12063.0,14445.0,14848.0,15195.0,15727.0,14141.0,14713.0,12852.0
Mato Rico,0.0,0.0,0.0,88.0,120.0,0.0,58.0,90.0,31.0,109.0,121.0,86.0,176.0,134.0,45.0,165.0,359.0,309.0,254.0,398.0,384.0
Mauá da Serra,0.0,0.0,0.0,1544.0,1594.0,807.0,2148.0,882.0,443.0,2798.0,2505.0,2614.0,3840.0,2244.0,4056.0,2971.0,2997.0,3616.0,3676.0,3821.0,3987.0
Medianeira,0.0,0.0,0.0,17617.0,22088.0,23365.0,28393.0,29007.0,21187.0,26078.0,26699.0,31727.0,32633.0,23714.0,24043.0,29649.0,35293.0,31051.0,32206.0,33676.0,35785.0
Mercedes,0.0,0.0,0.0,248.0,266.0,274.0,295.0,0.0,381.0,1056.0,705.0,767.0,1587.0,807.0,549.0,844.0,1142.0,572.0,1470.0,1794.0,1509.0
Mirador,0.0,0.0,0.0,146.0,116.0,89.0,165.0,0.0,150.0,162.0,253.0,258.0,525.0,176.0,270.0,389.0,495.0,404.0,516.0,658.0,573.0
Miraselva,0.0,0.0,0.0,261.0,277.0,158.0,265.0,91.0,0.0,437.0,222.0,345.0,595.0,483.0,134.0,685.0,569.0,448.0,621.0,334.0,940.0
Missal,0.0,0.0,0.0,1613.0,2923.0,3250.0,2669.0,682.0,1429.0,3763.0,3902.0,4869.0,5950.0,3441.0,4338.0,2708.0,5705.0,4859.0,6864.0,5911.0,4976.0
Moreira Sales,0.0,0.0,0.0,916.0,2301.0,1080.0,1480.0,749.0,2284.0,2328.0,1997.0,2410.0,2860.0,2530.0,2593.0,2618.0,3094.0,2217.0,2239.0,2753.0,3415.0
Morretes,0.0,0.0,0.0,3445.0,7027.0,5974.0,6065.0,6156.0,5073.0,7841.0,6825.0,8516.0,10246.0,7461.0,9129.0,9317.0,11072.0,11326.0,9984.0,10393.0,10990.0
Munhoz de Melo,0.0,0.0,0.0,339.0,580.0,588.0,379.0,290.0,0.0,1004.0,924.0,772.0,2027.0,1189.0,0.0,930.0,1575.0,957.0,1926.0,1939.0,1630.0
Nossa Senhora das Graças,0.0,0.0,0.0,364.0,664.0,303.0,344.0,394.0,462.0,788.0,1145.0,885.0,1922.0,1339.0,1028.0,1074.0,1094.0,2595.0,1484.0,1898.0,1946.0
Nova Aliança do Ivaí,0.0,0.0,0.0,60.0,66.0,34.0,164.0,41.0,46.0,46.0,106.0,232.0,303.0,185.0,189.0,128.0,192.0,197.0,346.0,603.0,386.0
Nova América da Colina,0.0,0.0,0.0,231.0,246.0,86.0,397.0,0.0,0.0,479.0,388.0,736.0,912.0,819.0,490.0,507.0,1969.0,918.0,1294.0,1675.0,1752.0
Nova Aurora,0.0,0.0,0.0,3617.0,3199.0,4011.0,2773.0,2175.0,1534.0,4020.0,5158.0,3544.0,6360.0,3679.0,4663.0,5652.0,4726.0,6668.0,5838.0,5957.0,6161.0
Nova Cantu,0.0,0.0,0.0,619.0,720.0,384.0,774.0,591.0,212.0,1145.0,969.0,1010.0,1558.0,1074.0,1355.0,1373.0,1658.0,1668.0,1470.0,1650.0,2050.0
Nova Esperança,0.0,0.0,0.0,5714.0,5122.0,5440.0,4675.0,4765.0,5043.0,6446.0,6925.0,7262.0,8940.0,6640.0,8187.0,10070.0,10358.0,10543.0,9226.0,9497.0,10060.0
Nova Esperança do Sudoeste,0.0,0.0,0.0,678.0,1174.0,488.0,1045.0,276.0,912.0,1014.0,1533.0,1210.0,3016.0,1337.0,937.0,2457.0,2543.0,1538.0,2598.0,3195.0,2677.0
Nova Fátima,0.0,0.0,0.0,556.0,597.0,533.0,552.0,298.0,675.0,748.0,1203.0,1456.0,1498.0,1107.0,1681.0,1059.0,1402.0,853.0,1481.0,1874.0,2004.0
Nova Laranjeiras,0.0,0.0,0.0,698.0,1384.0,1360.0,1815.0,1405.0,2731.0,2093.0,2253.0,2936.0,3590.0,2622.0,3213.0,3779.0,3303.0,3895.0,3371.0,3398.0,2887.0
Nova Londrina,0.0,0.0,0.0,1561.0,1720.0,1883.0,2499.0,1610.0,2224.0,3459.0,2960.0,3606.0,4452.0,2649.0,4188.0,5094.0,5182.0,4488.0,3784.0,4690.0,4737.0
Nova Olímpia,0.0,0.0,0.0,546.0,705.0,517.0,844.0,633.0,732.0,2039.0,1335.0,2340.0,3549.0,2116.0,2165.0,2755.0,2855.0,3076.0,2697.0,4565.0,4967.0
Nova Prata do Iguaçu,0.0,0.0,0.0,2136.0,1852.0,1524.0,1178.0,796.0,2149.0,2321.0,2973.0,2574.0,3261.0,2774.0,2853.0,4183.0,4270.0,3764.0,2581.0,4011.0,4267.0
Nova Santa Bárbara,0.0,0.0,0.0,641.0,905.0,701.0,726.0,370.0,389.0,890.0,1354.0,1548.0,2442.0,2206.0,2271.0,1557.0,1598.0,2525.0,1348.0,2892.0,2965.0
Nova Santa Rosa,0.0,0.0,0.0,1036.0,1330.0,843.0,931.0,670.0,1410.0,1502.0,1174.0,814.0,2941.0,2138.0,1292.0,1744.0,2208.0,2673.0,2735.0,2909.0,3230.0
Nova Tebas,0.0,0.0,0.0,279.0,393.0,266.0,944.0,994.0,409.0,863.0,887.0,1127.0,1622.0,1221.0,1239.0,1773.0,1799.0,1573.0,1632.0,1719.0,1809.0
Novo Itacolomi,0.0,0.0,0.0,480.0,640.0,648.0,490.0,164.0,164.0,499.0,848.0,513.0,1199.0,346.0,347.0,699.0,889.0,539.0,1099.0,376.0,764.0
Ortigueira,0.0,0.0,0.0,5506.0,6639.0,5784.0,4926.0,5073.0,5258.0,6655.0,6871.0,8258.0,8606.0,7669.0,9274.0,9520.0,9750.0,10066.0,8786.0,9040.0,9395.0
Ourizona,0.0,0.0,0.0,324.0,419.0,338.0,357.0,0.0,209.0,469.0,368.0,137.0,1022.0,303.0,702.0,751.0,1193.0,1035.0,1075.0,1105.0,1340.0
Ouro Verde do Oeste,0.0,0.0,0.0,1161.0,1482.0,1221.0,951.0,1010.0,0.0,1571.0,2092.0,2178.0,3158.0,2283.0,1866.0,2413.0,2471.0,2629.0,3533.0,3867.0,3458.0
Paiçandu,0.0,0.0,0.0,7035.0,10920.0,11204.0,9632.0,9977.0,10561.0,13732.0,17317.0,15711.0,19635.0,14624.0,15047.0,21856.0,22489.0,22992.0,16732.0,20789.0,21677.0
Palmas,0.0,0.0,0.0,11070.0,13208.0,13380.0,9630.0,9864.0,12392.0,13689.0,15534.0,17039.0,21897.0,16516.0,24262.0,25313.0,22499.0,27661.0,25018.0,31901.0,34961.0
Palmeira,0.0,0.0,0.0,2626.0,4835.0,4366.0,3825.0,3484.0,4045.0,6922.0,6652.0,9028.0,11691.0,8969.0,11273.0,13657.0,14298.0,15070.0,13657.0,12091.0,15694.0
Palmital,0.0,0.0,0.0,1437.0,1563.0,1229.0,2269.0,1898.0,524.0,3548.0,3928.0,4216.0,5237.0,3130.0,4755.0,5749.0,4973.0,5004.0,5034.0,5234.0,5608.0
Palotina,0.0,0.0,0.0,9430.0,14571.0,12502.0,12836.0,5334.0,16569.0,17509.0,15404.0,19462.0,20241.0,20871.0,21194.0,25165.0,25823.0,26553.0,23238.0,23669.0,24272.0
Paranacity,0.0,0.0,0.0,564.0,793.0,538.0,1019.0,891.0,487.0,1314.0,1874.0,2163.0,3094.0,1885.0,1976.0,3588.0,2599.0,2641.0,2717.0,2809.0,3530.0
Paranaguá,0.0,0.0,0.0,71779.0,74702.0,66442.0,81435.0,59708.0,85573.0,74902.0,77661.0,95044.0,99690.0,88659.0,106514.0,111143.0,115474.0,120606.0,107945.0,111263.0,133249.0
Paranapoema,0.0,0.0,0.0,178.0,372.0,280.0,289.0,99.0,0.0,263.0,428.0,351.0,894.0,360.0,360.0,724.0,728.0,552.0,201.0,810.0,824.0
Paranavaí,0.0,0.0,0.0,16970.0,18771.0,20608.0,21688.0,19026.0,29207.0,27121.0,29281.0,30403.0,36721.0,32332.0,38827.0,40144.0,41891.0,43888.0,39112.0,47845.0,51099.0
Paraíso do Norte,0.0,0.0,0.0,2363.0,3127.0,2366.0,3405.0,2930.0,3371.0,3675.0,5029.0,5331.0,7957.0,4714.0,6172.0,8968.0,7879.0,5370.0,8296.0,7282.0,9416.0
Pato Bragado,0.0,0.0,0.0,550.0,574.0,200.0,844.0,0.0,0.0,1320.0,1423.0,1548.0,2251.0,1615.0,326.0,990.0,2017.0,1021.0,2099.0,1863.0,2401.0
Pato Branco,0.0,0.0,0.0,16343.0,20705.0,18180.0,23433.0,16500.0,31657.0,34661.0,37630.0,39540.0,41150.0,36481.0,44281.0,45773.0,46926.0,49372.0,43983.0,54281.0,57423.0
Paula Freitas,0.0,0.0,0.0,418.0,447.0,377.0,402.0,135.0,0.0,622.0,509.0,963.0,1537.0,912.0,1177.0,1508.0,1319.0,1703.0,1192.0,2031.0,2345.0
Paulo Frontin,0.0,0.0,0.0,168.0,291.0,180.0,240.0,120.0,86.0,473.0,502.0,684.0,1118.0,867.0,875.0,1074.0,1096.0,952.0,1200.0,1076.0,1255.0
Peabiru,0.0,0.0,0.0,2511.0,2699.0,2477.0,2676.0,2721.0,0.0,4461.0,3099.0,3967.0,5687.0,4153.0,5048.0,4260.0,6032.0,6127.0,4470.0,4663.0,5922.0
Perobal,0.0,0.0,0.0,880.0,1151.0,986.0,789.0,1102.0,291.0,1658.0,2135.0,1495.0,2695.0,1168.0,1604.0,2508.0,2156.0,2246.0,2325.0,2911.0,3112.0
Pinhais,0.0,0.0,0.0,55476.0,57317.0,50380.0,51438.0,43371.0,62431.0,55218.0,58116.0,61405.0,76049.0,78673.0,80211.0,81733.0,83633.0,85323.0,74782.0,77362.0,94098.0
Pinhal de São Bento,0.0,0.0,0.0,111.0,121.0,41.0,129.0,43.0,49.0,167.0,236.0,242.0,407.0,207.0,0.0,414.0,345.0,218.0,436.0,479.0,572.0
Pinhalão,0.0,0.0,0.0,333.0,542.0,357.0,1011.0,644.0,884.0,1582.0,1415.0,1494.0,1864.0,1393.0,1763.0,1503.0,2154.0,2221.0,1994.0,2156.0,1930.0
Pinhão,0.0,0.0,0.0,2774.0,3664.0,0.0,2428.0,3298.0,2518.0,5224.0,3568.0,4565.0,6561.0,6662.0,7305.0,8076.0,8912.0,9748.0,8802.0,9015.0,9223.0
Piraquara,0.0,0.0,0.0,23815.0,42659.0,37449.0,38110.0,38548.0,39535.0,40909.0,43150.0,46216.0,57506.0,51224.0,61260.0,62540.0,64382.0,65581.0,57569.0,59674.0,72877.0
Piraí do Sul,0.0,0.0,0.0,5035.0,5614.0,6505.0,6991.0,6089.0,6620.0,8418.0,9022.0,9352.0,11362.0,8350.0,6786.0,10581.0,12839.0,13390.0,12140.0,12980.0,16363.0
Pitanga,0.0,0.0,0.0,5479.0,5632.0,5092.0,5233.0,3218.0,5599.0,6940.0,6038.0,8800.0,9205.0,9516.0,9823.0,10264.0,10540.0,11219.0,10071.0,10689.0,11748.0
Pitangueiras,0.0,0.0,0.0,496.0,375.0,125.0,258.0,130.0,0.0,473.0,346.0,203.0,1291.0,446.0,468.0,470.0,970.0,782.0,278.0,1468.0,916.0
Piên,0.0,0.0,0.0,1044.0,2210.0,1173.0,1666.0,1754.0,919.0,2471.0,2212.0,2409.0,4801.0,4453.0,2361.0,4081.0,4335.0,5357.0,5665.0,6026.0,6545.0
Planaltina do Paraná,0.0,0.0,0.0,547.0,415.0,284.0,728.0,298.0,337.0,1069.0,928.0,812.0,1468.0,0.0,916.0,739.0,1286.0,1033.0,1302.0,1344.0,1395.0
Planalto,0.0,0.0,0.0,1850.0,3254.0,2724.0,3498.0,1458.0,1546.0,4751.0,4131.0,4333.0,6379.0,4672.0,5698.0,5797.0,6875.0,5981.0,5085.0,6221.0,5343.0
Ponta Grossa,0.0,0.0,0.0,92897.0,99586.0,124212.0,110988.0,135597.0,143175.0,151682.0,136804.0,169853.0,183619.0,194789.0,200765.0,206210.0,211478.0,218541.0,227240.0,234917.0,242123.0
Pontal do Paraná,0.0,0.0,0.0,4782.0,8850.0,8023.0,6904.0,7053.0,8741.0,10554.0,11080.0,9744.0,11814.0,10359.0,12371.0,13113.0,13531.0,14445.0,15720.0,14495.0,17684.0
Porecatu,0.0,0.0,0.0,2400.0,2490.0,2705.0,3461.0,1773.0,1215.0,3749.0,3206.0,4023.0,4857.0,5095.0,4630.0,4786.0,4986.0,6201.0,6661.0,6164.0,6704.0
Porto Amazonas,0.0,0.0,0.0,454.0,697.0,588.0,500.0,297.0,334.0,1226.0,809.0,1104.0,1772.0,1501.0,1528.0,1272.0,1346.0,2130.0,2219.0,1867.0,1507.0
Porto Barreiro,0.0,0.0,0.0,262.0,267.0,92.0,289.0,101.0,115.0,247.0,651.0,398.0,685.0,552.0,141.0,282.0,705.0,718.0,587.0,749.0,813.0
Porto Rico,0.0,0.0,0.0,407.0,409.0,411.0,569.0,145.0,0.0,548.0,778.0,654.0,1686.0,495.0,498.0,747.0,996.0,1249.0,1269.0,1579.0,1351.0
Porto Vitória,0.0,0.0,0.0,135.0,198.0,0.0,189.0,128.0,0.0,276.0,365.0,301.0,552.0,243.0,243.0,328.0,268.0,479.0,511.0,319.0,551.0
Prado Ferreira,0.0,0.0,0.0,412.0,412.0,312.0,314.0,0.0,114.0,599.0,376.0,384.0,774.0,390.0,390.0,262.0,524.0,528.0,665.0,680.0,700.0
Pranchita,0.0,0.0,0.0,471.0,821.0,176.0,883.0,0.0,452.0,754.0,873.0,1594.0,1987.0,1017.0,345.0,1754.0,1804.0,1866.0,1930.0,1571.0,1230.0
Presidente Castelo Branco,0.0,0.0,0.0,848.0,1353.0,1385.0,1209.0,245.0,748.0,1282.0,1395.0,303.0,2218.0,993.0,688.0,1058.0,2176.0,1887.0,1981.0,2106.0,2300.0
Primeiro de Maio,0.0,0.0,0.0,609.0,488.0,1153.0,798.0,813.0,224.0,1160.0,1595.0,1721.0,2195.0,1678.0,1775.0,2219.0,2639.0,2685.0,2375.0,821.0,2096.0
Prudentópolis,0.0,0.0,0.0,4072.0,4376.0,3986.0,5073.0,4404.0,5410.0,5443.0,5484.0,5644.0,6992.0,7278.0,6561.0,8392.0,8586.0,8824.0,7799.0,8410.0,11431.0
Pérola,0.0,0.0,0.0,2485.0,3230.0,2663.0,3364.0,3437.0,2135.0,3656.0,4481.0,4564.0,5421.0,3925.0,3976.0,3998.0,4834.0,5710.0,5061.0,4505.0,5872.0
Pérola d'Oeste,0.0,0.0,0.0,304.0,517.0,429.0,594.0,221.0,0.0,1369.0,1458.0,1528.0,1927.0,1637.0,1315.0,1659.0,1345.0,1366.0,1402.0,1778.0,2217.0
Quarto Centenário,0.0,0.0,0.0,235.0,361.0,124.0,520.0,132.0,132.0,401.0,543.0,565.0,1014.0,302.0,153.0,462.0,624.0,827.0,700.0,902.0,943.0
Quatiguá,0.0,0.0,0.0,1245.0,1537.0,1094.0,1147.0,1185.0,1212.0,1656.0,1807.0,2294.0,2999.0,1836.0,2510.0,3298.0,3449.0,3612.0,3851.0,3457.0,3767.0
Quatro Barras,0.0,0.0,0.0,6035.0,11002.0,9729.0,8280.0,8369.0,8622.0,10644.0,11002.0,13371.0,13885.0,12496.0,15472.0,16082.0,16654.0,14621.0,15082.0,18319.0,19253.0
Quatro Pontes,0.0,0.0,0.0,588.0,1102.0,0.0,1106.0,869.0,603.0,1255.0,1724.0,377.0,2310.0,1953.0,1575.0,1997.0,2814.0,1624.0,2062.0,2491.0,2551.0
Quedas do Iguaçu,0.0,0.0,0.0,3888.0,8114.0,5641.0,7337.0,6002.0,6340.0,8277.0,10756.0,13693.0,14787.0,11179.0,9146.0,16361.0,16630.0,16960.0,14919.0,15409.0,18765.0
Querência do Norte,0.0,0.0,0.0,420.0,735.0,807.0,924.0,613.0,271.0,1146.0,2059.0,1902.0,3058.0,1900.0,3077.0,3331.0,4309.0,3360.0,3601.0,4889.0,5357.0
Quinta do Sol,0.0,0.0,0.0,933.0,705.0,237.0,711.0,237.0,250.0,1296.0,888.0,935.0,1979.0,2122.0,1474.0,1956.0,2013.0,2045.0,1685.0,2194.0,2833.0
Quitandinha,0.0,0.0,0.0,2045.0,4897.0,5039.0,4486.0,4972.0,4862.0,5399.0,5854.0,6276.0,9309.0,6826.0,8306.0,8389.0,9953.0,8667.0,8791.0,8909.0,9040.0
Ramilândia,0.0,0.0,0.0,372.0,561.0,384.0,392.0,590.0,594.0,1029.0,675.0,1148.0,1396.0,707.0,739.0,769.0,1060.0,1118.0,312.0,2088.0,1879.0
Rancho Alegre,0.0,0.0,0.0,759.0,471.0,851.0,520.0,177.0,723.0,915.0,746.0,389.0,830.0,847.0,1343.0,919.0,1166.0,966.0,1002.0,1544.0,1315.0
Rancho Alegre D'Oeste,0.0,0.0,0.0,68.0,120.0,0.0,183.0,0.0,61.0,124.0,140.0,77.0,496.0,172.0,89.0,185.0,106.0,329.0,248.0,550.0,774.0
Realeza,0.0,0.0,0.0,2995.0,4056.0,4309.0,4557.0,3833.0,4269.0,7029.0,7762.0,5708.0,10848.0,9684.0,6632.0,8466.0,11997.0,12124.0,10479.0,10601.0,10813.0
Rebouças,0.0,0.0,0.0,847.0,1575.0,459.0,739.0,1042.0,277.0,1783.0,2095.0,2247.0,2975.0,2492.0,2160.0,3987.0,3689.0,4150.0,5007.0,4911.0,6120.0
Renascença,0.0,0.0,0.0,1046.0,1354.0,851.0,1462.0,903.0,1628.0,1436.0,1974.0,2121.0,3196.0,1435.0,1016.0,2604.0,3269.0,3375.0,2840.0,3519.0,3079.0
Reserva,0.0,0.0,0.0,2687.0,4089.0,633.0,2121.0,3181.0,1741.0,6760.0,5136.0,6600.0,8340.0,7555.0,9291.0,8642.0,11128.0,12027.0,11158.0,12022.0,12757.0
Reserva do Iguaçu,0.0,0.0,0.0,682.0,896.0,398.0,658.0,227.0,232.0,788.0,552.0,1268.0,2150.0,1545.0,1618.0,2523.0,1702.0,2157.0,2642.0,2282.0,2916.0
Ribeirão Claro,0.0,0.0,0.0,1417.0,2239.0,778.0,1599.0,1227.0,1286.0,2351.0,1026.0,2187.0,4102.0,2487.0,2680.0,3643.0,3882.0,4886.0,5155.0,5319.0,5505.0
Ribeirão do Pinhal,0.0,0.0,0.0,1785.0,2360.0,2032.0,2653.0,2191.0,1157.0,3611.0,3819.0,3267.0,4688.0,4230.0,5317.0,4842.0,5954.0,3560.0,5721.0,5919.0,7127.0
Rio Azul,0.0,0.0,0.0,733.0,1212.0,850.0,867.0,868.0,444.0,1407.0,1585.0,1505.0,2416.0,2628.0,1577.0,2474.0,2181.0,1852.0,2680.0,4241.0,4682.0
Rio Bom,0.0,0.0,0.0,315.0,420.0,212.0,432.0,110.0,229.0,853.0,505.0,408.0,862.0,445.0,597.0,760.0,767.0,1085.0,944.0,973.0,993.0
Rio Bonito do Iguaçu,0.0,0.0,0.0,1236.0,1665.0,1026.0,1043.0,707.0,1119.0,1938.0,2055.0,2518.0,3057.0,2270.0,2829.0,3352.0,2911.0,2997.0,3173.0,4083.0,4612.0
Rio Branco do Ivaí,0.0,0.0,0.0,272.0,215.0,0.0,406.0,0.0,131.0,585.0,539.0,1161.0,1438.0,835.0,852.0,874.0,1361.0,1158.0,1421.0,969.0,1281.0
Rio Branco do Sul,0.0,0.0,0.0,13519.0,16179.0,14072.0,11848.0,11958.0,12320.0,15688.0,13826.0,21396.0,24166.0,18223.0,27002.0,28184.0,29098.0,29808.0,26234.0,26946.0,27641.0
Rio Negro,0.0,0.0,0.0,3831.0,5052.0,5365.0,6738.0,5692.0,4595.0,8168.0,7076.0,8271.0,8299.0,5930.0,8308.0,8315.0,8319.0,8362.0,7192.0,7207.0,6018.0
Rolândia,0.0,0.0,0.0,18866.0,20078.0,24816.0,22155.0,19388.0,20514.0,21448.0,28017.0,29756.0,36258.0,37262.0,38553.0,40123.0,41042.0,41541.0,36046.0,36619.0,43692.0
Roncador,0.0,0.0,0.0,951.0,1056.0,453.0,1181.0,984.0,536.0,1369.0,1687.0,1497.0,2243.0,1688.0,1416.0,2189.0,2285.0,2825.0,2545.0,3252.0,3203.0
Rondon,0.0,0.0,0.0,1635.0,2649.0,1405.0,2016.0,2110.0,581.0,2371.0,3014.0,3070.0,3804.0,2548.0,3222.0,4571.0,4072.0,4260.0,4445.0,3844.0,5787.0
Rosário do Ivaí,0.0,0.0,0.0,259.0,580.0,103.0,236.0,251.0,0.0,771.0,1011.0,725.0,1470.0,1202.0,289.0,1541.0,1250.0,2217.0,1982.0,1412.0,1489.0
Sabáudia,0.0,0.0,0.0,1889.0,3015.0,2118.0,2181.0,1669.0,1170.0,2381.0,3715.0,2541.0,3902.0,2660.0,3470.0,4296.0,3722.0,3076.0,4873.0,4354.0,6495.0
Salgado Filho,0.0,0.0,0.0,200.0,500.0,200.0,308.0,108.0,112.0,474.0,287.0,491.0,1422.0,652.0,710.0,1565.0,1143.0,644.0,1368.0,1456.0,1874.0
Salto do Itararé,0.0,0.0,0.0,501.0,887.0,555.0,749.0,955.0,386.0,791.0,1278.0,1326.0,1502.0,1406.0,1307.0,2953.0,2836.0,3272.0,3691.0,2777.0,3703.0
Salto do Lontra,0.0,0.0,0.0,2548.0,3386.0,1439.0,3001.0,1533.0,3939.0,4189.0,5223.0,4441.0,6513.0,4788.0,2998.0,5152.0,7479.0,6604.0,6819.0,7020.0,6018.0
Santa Amélia,0.0,0.0,0.0,320.0,395.0,117.0,524.0,531.0,807.0,1057.0,1112.0,686.0,1627.0,1178.0,497.0,756.0,1043.0,786.0,1316.0,1320.0,1346.0
Santa Cecília do Pavão,0.0,0.0,0.0,506.0,548.0,299.0,620.0,321.0,170.0,786.0,1100.0,1203.0,1639.0,1472.0,1208.0,1876.0,977.0,1354.0,2051.0,1729.0,1790.0
Santa Cruz de Monte Castelo,0.0,0.0,0.0,623.0,803.0,661.0,714.0,609.0,0.0,1300.0,1379.0,1444.0,2121.0,947.0,1308.0,2309.0,2007.0,1050.0,2286.0,2165.0,2965.0
Santa Fé,0.0,0.0,0.0,1254.0,1655.0,1813.0,1895.0,388.0,449.0,2989.0,1738.0,1943.0,4933.0,2908.0,3743.0,3047.0,3880.0,3911.0,3942.0,4013.0,4103.0
Santa Helena,0.0,0.0,0.0,7721.0,7873.0,8058.0,8235.0,6721.0,8740.0,11038.0,9662.0,10140.0,14709.0,12920.0,11044.0,13629.0,16085.0,16289.0,14215.0,12224.0,15678.0
Santa Inês,0.0,0.0,0.0,153.0,204.0,164.0,168.0,58.0,65.0,207.0,169.0,323.0,581.0,366.0,250.0,125.0,515.0,679.0,685.0,689.0,698.0
Santa Isabel do Ivaí,0.0,0.0,0.0,1193.0,2174.0,937.0,3026.0,1053.0,560.0,3388.0,3422.0,2306.0,4171.0,1810.0,2431.0,2480.0,3195.0,3298.0,4085.0,3502.0,3624.0
Santa Izabel do Oeste,0.0,0.0,0.0,1473.0,1514.0,1574.0,2027.0,840.0,1436.0,2675.0,3610.0,3181.0,4600.0,3370.0,3517.0,5132.0,4588.0,5503.0,4075.0,5139.0,4456.0
Santa Lúcia,0.0,0.0,0.0,407.0,426.0,0.0,464.0,351.0,119.0,744.0,408.0,772.0,782.0,628.0,510.0,535.0,899.0,732.0,1104.0,1144.0,1242.0
Santa Maria do Oeste,0.0,0.0,0.0,515.0,728.0,763.0,612.0,225.0,243.0,1564.0,1505.0,2088.0,2935.0,1807.0,961.0,3416.0,2524.0,3073.0,3110.0,3200.0,3386.0
Santa Mariana,0.0,0.0,0.0,1756.0,2287.0,2347.0,1917.0,1467.0,2131.0,2856.0,2997.0,3764.0,4608.0,4734.0,4870.0,5039.0,4488.0,4694.0,4826.0,5009.0,4342.0
Santa Mônica,0.0,0.0,0.0,150.0,409.0,84.0,255.0,90.0,194.0,407.0,338.0,135.0,1017.0,296.0,152.0,608.0,1070.0,613.0,636.0,909.0,989.0
Santa Tereza do Oeste,0.0,0.0,0.0,2134.0,2200.0,2391.0,2540.0,2242.0,2183.0,4645.0,5025.0,5189.0,6236.0,5434.0,2735.0,6414.0,5505.0,5549.0,6572.0,6682.0,5918.0
Santa Terezinha de Itaipu,0.0,0.0,0.0,3878.0,8111.0,8574.0,9007.0,7755.0,8135.0,10259.0,10812.0,13023.0,13408.0,11716.0,10213.0,13131.0,15678.0,11368.0,13908.0,16508.0,14491.0
Santana do Itararé,0.0,0.0,0.0,430.0,814.0,1003.0,512.0,184.0,195.0,914.0,766.0,1397.0,2240.0,1428.0,1590.0,2778.0,1960.0,2204.0,3085.0,3913.0,2655.0
Santo Antônio da Platina,0.0,0.0,0.0,6804.0,7227.0,6307.0,7824.0,9357.0,8360.0,8852.0,9776.0,10887.0,14896.0,13998.0,17307.0,13170.0,16654.0,21030.0,19409.0,20672.0,22232.0
Santo Antônio do Caiuá,0.0,0.0,0.0,266.0,204.0,158.0,329.0,83.0,89.0,377.0,554.0,473.0,718.0,369.0,405.0,553.0,727.0,453.0,793.0,800.0,972.0
Santo Antônio do Paraíso,0.0,0.0,0.0,130.0,68.0,130.0,96.0,0.0,57.0,129.0,234.0,428.0,577.0,322.0,120.0,508.0,402.0,452.0,648.0,1016.0,1342.0
Santo Antônio do Sudoeste,0.0,0.0,0.0,1734.0,3022.0,1928.0,2698.0,2789.0,1469.0,4856.0,4376.0,5672.0,7257.0,5441.0,6680.0,8060.0,7104.0,8662.0,7756.0,8238.0,8715.0
Santo Inácio,0.0,0.0,0.0,710.0,979.0,1301.0,1157.0,638.0,0.0,1185.0,2505.0,1290.0,2208.0,1808.0,2327.0,1410.0,2842.0,2854.0,1907.0,1442.0,1955.0
Sapopema,0.0,0.0,0.0,632.0,619.0,704.0,791.0,320.0,1510.0,2161.0,943.0,1990.0,3127.0,3232.0,4048.0,3626.0,3705.0,4389.0,3815.0,3210.0,3289.0
Sarandi,0.0,0.0,0.0,14769.0,23410.0,24865.0,21926.0,22829.0,33405.0,24772.0,32308.0,34069.0,42700.0,31816.0,45801.0,46884.0,47887.0,49328.0,43350.0,44936.0,47439.0
Saudade do Iguaçu,0.0,0.0,0.0,965.0,664.0,697.0,1443.0,363.0,770.0,2053.0,1311.0,1817.0,2379.0,1981.0,2051.0,3210.0,2733.0,2789.0,3521.0,3083.0,3180.0
Sengés,0.0,0.0,0.0,2384.0,3815.0,2597.0,2752.0,2892.0,2421.0,4340.0,4911.0,6197.0,7811.0,4685.0,6059.0,8603.0,8717.0,8892.0,7735.0,7986.0,8395.0
Serranópolis do Iguaçu,0.0,0.0,0.0,948.0,1649.0,676.0,1418.0,1071.0,371.0,1505.0,2371.0,2436.0,2924.0,1269.0,2161.0,1313.0,2637.0,1767.0,2780.0,2942.0,3140.0
Sertaneja,0.0,0.0,0.0,918.0,1178.0,486.0,1017.0,528.0,1138.0,2096.0,1563.0,1008.0,2100.0,1846.0,2733.0,1609.0,2460.0,2493.0,2183.0,2747.0,3397.0
Sertanópolis,0.0,0.0,0.0,3150.0,4407.0,4845.0,5139.0,5273.0,7645.0,5745.0,6156.0,8054.0,10287.0,10859.0,11480.0,12015.0,12491.0,12865.0,9435.0,7832.0,12154.0
Siqueira Campos,0.0,0.0,0.0,2252.0,2790.0,1985.0,2064.0,2171.0,2894.0,3665.0,3267.0,4036.0,5175.0,4272.0,8169.0,10756.0,8523.0,13911.0,13132.0,13755.0,14416.0
Sulina,0.0,0.0,0.0,210.0,639.0,213.0,218.0,231.0,240.0,1000.0,1314.0,1077.0,2015.0,904.0,613.0,1536.0,1849.0,1573.0,989.0,1696.0,1391.0
São Carlos do Ivaí,0.0,0.0,0.0,741.0,1130.0,781.0,1217.0,329.0,365.0,2138.0,2371.0,1490.0,2606.0,1593.0,548.0,3064.0,4581.0,4096.0,2823.0,2926.0,3079.0
São Jerônimo da Serra,0.0,0.0,0.0,889.0,789.0,714.0,1182.0,1998.0,1572.0,1655.0,2123.0,1490.0,2371.0,2426.0,2531.0,2663.0,3299.0,2959.0,3054.0,2606.0,3161.0
São Jorge d'Oeste,0.0,0.0,0.0,2418.0,2502.0,515.0,2630.0,545.0,1189.0,2518.0,1339.0,2857.0,5305.0,3896.0,3956.0,4830.0,4035.0,4044.0,4929.0,5071.0,5373.0
São Jorge do Ivaí,0.0,0.0,0.0,1221.0,1610.0,1322.0,1685.0,342.0,1108.0,1885.0,1171.0,1650.0,2227.0,1853.0,1934.0,1958.0,2952.0,2962.0,2477.0,2495.0,3066.0
São Jorge do Patrocínio,0.0,0.0,0.0,600.0,820.0,351.0,784.0,836.0,698.0,1299.0,1152.0,941.0,2001.0,1795.0,1557.0,1807.0,2559.0,1964.0,3629.0,4596.0,3977.0
São José da Boa Vista,0.0,0.0,0.0,817.0,1256.0,429.0,443.0,907.0,805.0,1757.0,2073.0,2327.0,2979.0,2329.0,1903.0,1945.0,3468.0,3010.0,3042.0,2572.0,2715.0
São José das Palmeiras,0.0,0.0,0.0,453.0,466.0,474.0,158.0,328.0,0.0,537.0,973.0,1076.0,1140.0,936.0,967.0,997.0,1539.0,1298.0,786.0,1337.0,1681.0
São José dos Pinhais,0.0,0.0,11992.0,73723.0,88335.0,77517.0,79479.0,67642.0,84163.0,102498.0,91410.0,111642.0,116578.0,121084.0,124351.0,127950.0,131561.0,134641.0,118474.0,123130.0,153971.0
São João,0.0,0.0,0.0,2296.0,2913.0,601.0,2448.0,1873.0,1329.0,4296.0,3855.0,4970.0,6102.0,4476.0,6380.0,4711.0,5805.0,5921.0,5054.0,5210.0,6514.0
São João do Caiuá,0.0,0.0,0.0,439.0,357.0,669.0,559.0,306.0,325.0,677.0,542.0,755.0,1387.0,651.0,934.0,1043.0,1180.0,1270.0,1388.0,1594.0,2552.0
São João do Ivaí,0.0,0.0,0.0,1139.0,2016.0,2099.0,1759.0,1834.0,1430.0,2973.0,3113.0,3196.0,3882.0,2834.0,2902.0,4256.0,3838.0,4592.0,4052.0,4305.0,4630.0
São João do Triunfo,0.0,0.0,0.0,372.0,416.0,368.0,401.0,326.0,357.0,732.0,629.0,789.0,1020.0,670.0,740.0,1369.0,1034.0,1336.0,1389.0,1445.0,1619.0
São Manoel do Paraná,0.0,0.0,0.0,163.0,111.0,60.0,132.0,73.0,152.0,229.0,235.0,161.0,417.0,348.0,120.0,264.0,434.0,310.0,319.0,835.0,502.0
São Mateus do Sul,0.0,0.0,0.0,5738.0,7156.0,5423.0,5744.0,6001.0,4966.0,6380.0,6682.0,8395.0,10125.0,7404.0,9070.0,11001.0,11595.0,12706.0,11642.0,10015.0,10965.0
São Miguel do Iguaçu,0.0,0.0,0.0,10604.0,10871.0,11220.0,11487.0,11674.0,10053.0,10422.0,12957.0,15390.0,15601.0,11288.0,13709.0,16319.0,14240.0,14528.0,14921.0,15504.0,13666.0
São Pedro do Iguaçu,0.0,0.0,0.0,710.0,1244.0,519.0,1096.0,853.0,893.0,1583.0,1414.0,2256.0,2786.0,2043.0,2519.0,3071.0,1795.0,1822.0,2792.0,2376.0,2966.0
São Pedro do Ivaí,0.0,0.0,0.0,1078.0,1389.0,602.0,1261.0,646.0,1672.0,1396.0,1970.0,2095.0,3091.0,1825.0,2472.0,3210.0,2838.0,4543.0,4231.0,3897.0,4954.0
São Pedro do Paraná,0.0,0.0,0.0,182.0,488.0,215.0,454.0,342.0,116.0,590.0,242.0,248.0,755.0,126.0,252.0,634.0,656.0,684.0,714.0,756.0,775.0
São Sebastião da Amoreira,0.0,0.0,0.0,1403.0,1522.0,960.0,1329.0,1025.0,1524.0,2465.0,1853.0,2534.0,3925.0,3613.0,3807.0,3927.0,4646.0,4006.0,4058.0,4138.0,4275.0
São Tomé,0.0,0.0,0.0,1369.0,927.0,234.0,705.0,949.0,1015.0,1355.0,1155.0,1188.0,1843.0,1570.0,1627.0,1334.0,2025.0,2068.0,2148.0,2191.0,2267.0
Tamarana,0.0,0.0,0.0,2323.0,2889.0,1978.0,2543.0,2590.0,3147.0,2660.0,2739.0,2265.0,4098.0,3678.0,3163.0,3308.0,4817.0,4239.0,4346.0,3738.0,4732.0
Tamboara,0.0,0.0,0.0,469.0,648.0,613.0,675.0,370.0,415.0,929.0,1251.0,784.0,1942.0,1143.0,1184.0,1819.0,932.0,1607.0,1650.0,2075.0,1865.0
Tapejara,0.0,0.0,0.0,2254.0,2865.0,1486.0,2150.0,1132.0,1417.0,3041.0,3560.0,3851.0,7273.0,5379.0,5464.0,3317.0,6674.0,6738.0,4555.0,6096.0,6604.0
Tapira,0.0,0.0,0.0,495.0,835.0,337.0,676.0,855.0,0.0,1077.0,774.0,1225.0,1524.0,675.0,677.0,921.0,1465.0,1541.0,1422.0,1341.0,1926.0
Teixeira Soares,0.0,0.0,0.0,730.0,899.0,905.0,1269.0,783.0,268.0,1671.0,1790.0,1907.0,2365.0,1412.0,2571.0,2650.0,2331.0,2830.0,2147.0,2766.0,2860.0
Telêmaco Borba,0.0,0.0,0.0,36664.0,38565.0,41344.0,43348.0,52743.0,55514.0,58114.0,51567.0,53545.0,65730.0,68341.0,71030.0,73634.0,75844.0,78562.0,69638.0,72696.0,88548.0
Terra Boa,0.0,0.0,0.0,3340.0,4364.0,2325.0,4064.0,1669.0,1731.0,5497.0,6185.0,6990.0,8991.0,6785.0,7240.0,9387.0,11664.0,12540.0,11006.0,11247.0,11639.0
Terra Rica,0.0,0.0,0.0,599.0,1095.0,1391.0,1480.0,783.0,582.0,1520.0,1945.0,1018.0,2503.0,1456.0,1837.0,2245.0,2715.0,1969.0,2056.0,2235.0,2932.0
Terra Roxa,0.0,0.0,0.0,1375.0,2964.0,2685.0,2994.0,2091.0,3094.0,5362.0,6031.0,6506.0,8177.0,7317.0,8872.0,7774.0,9185.0,7939.0,9326.0,8086.0,8263.0
Tibagi,0.0,0.0,0.0,2731.0,3672.0,2357.0,2492.0,4261.0,2788.0,6117.0,6688.0,5853.0,9364.0,8855.0,10797.0,11797.0,12683.0,13338.0,13968.0,12328.0,12680.0
Tijucas do Sul,0.0,0.0,0.0,2476.0,4549.0,2008.0,3417.0,2103.0,3280.0,5479.0,5003.0,6669.0,8444.0,7499.0,7701.0,9275.0,8289.0,8554.0,8784.0,9054.0,9345.0
Toledo,15.0,0.0,0.0,56244.0,69965.0,72769.0,62634.0,78053.0,97342.0,89141.0,94545.0,115801.0,120371.0,105522.0,124980.0,126543.0,127978.0,129284.0,130999.0,133540.0,116726.0
Tomazina,0.0,0.0,0.0,617.0,646.0,417.0,442.0,607.0,309.0,824.0,1032.0,1097.0,1373.0,1220.0,1487.0,1119.0,1372.0,1419.0,1457.0,1253.0,1632.0
Três Barras do Paraná,0.0,0.0,0.0,1637.0,2133.0,1374.0,1929.0,1480.0,1682.0,3174.0,3638.0,3959.0,6220.0,3641.0,3775.0,6969.0,6135.0,7353.0,6364.0,5330.0,6458.0
Tunas do Paraná,0.0,0.0,0.0,924.0,1860.0,957.0,1304.0,336.0,372.0,1136.0,1195.0,1634.0,2955.0,2130.0,2620.0,2873.0,2973.0,2532.0,2584.0,3160.0,3740.0
Tuneiras do Oeste,0.0,0.0,0.0,1155.0,1454.0,881.0,1483.0,610.0,327.0,2018.0,2106.0,1105.0,2695.0,1182.0,1226.0,2535.0,2635.0,2282.0,1867.0,2471.0,2745.0
Tupãssi,0.0,0.0,0.0,1357.0,1771.0,1099.0,1118.0,768.0,1319.0,2683.0,3019.0,3225.0,4676.0,2717.0,1375.0,4192.0,2824.0,2859.0,3600.0,4351.0,4403.0
Turvo,0.0,0.0,0.0,2239.0,3794.0,4345.0,3852.0,2353.0,4150.0,4495.0,5593.0,4790.0,5944.0,4101.0,5422.0,8061.0,7358.0,9119.0,9764.0,8842.0,9320.0
Ubiratã,0.0,0.0,0.0,1377.0,2374.0,3136.0,2724.0,2213.0,2303.0,3691.0,4247.0,3774.0,5603.0,4882.0,4159.0,5912.0,5988.0,6371.0,5848.0,6181.0,6570.0
Umuarama,0.0,0.0,0.0,47608.0,49385.0,43513.0,44751.0,46115.0,55942.0,49680.0,52009.0,54357.0,66195.0,68405.0,69807.0,71371.0,72939.0,74587.0,77018.0,68797.0,84775.0
Uniflor,0.0,0.0,0.0,132.0,175.0,115.0,164.0,41.0,82.0,186.0,106.0,170.0,359.0,185.0,67.0,281.0,297.0,306.0,385.0,385.0,399.0
União da Vitória,0.0,0.0,0.0,7955.0,10008.0,10447.0,10945.0,9622.0,8321.0,13762.0,14866.0,15858.0,19956.0,15371.0,22476.0,24194.0,26419.0,27917.0,25833.0,28217.0,35699.0
Uraí,0.0,0.0,0.0,1612.0,1639.0,1749.0,2305.0,1207.0,1253.0,2559.0,2182.0,2694.0,3215.0,3271.0,3347.0,2925.0,3495.0,3081.0,2628.0,3988.0,3467.0
Ventania,0.0,0.0,0.0,1770.0,1088.0,1103.0,1890.0,1159.0,433.0,2242.0,2837.0,1946.0,3476.0,2550.0,2636.0,3975.0,4356.0,4715.0,4261.0,3869.0,5932.0
Vera Cruz do Oeste,0.0,0.0,0.0,1705.0,2165.0,1351.0,1846.0,935.0,982.0,2513.0,2567.0,2748.0,3343.0,3415.0,1163.0,3525.0,4167.0,3654.0,3164.0,4127.0,4338.0
Verê,0.0,0.0,0.0,2136.0,2188.0,0.0,1832.0,956.0,1675.0,1774.0,2062.0,4408.0,4626.0,4016.0,4069.0,3323.0,5959.0,4356.0,5309.0,3639.0,4670.0
Virmond,0.0,0.0,0.0,304.0,717.0,256.0,391.0,136.0,151.0,789.0,827.0,694.0,1072.0,1103.0,556.0,1148.0,1164.0,975.0,993.0,1413.0,1218.0
Vitorino,0.0,0.0,0.0,794.0,1333.0,1099.0,855.0,309.0,666.0,2309.0,2171.0,2381.0,3575.0,2101.0,2707.0,3333.0,3398.0,3442.0,2925.0,3043.0,3319.0
Wenceslau Braz,0.0,0.0,0.0,2579.0,3305.0,2344.0,3086.0,3339.0,4366.0,4904.0,4356.0,5743.0,7338.0,5431.0,6876.0,8788.0,9398.0,9746.0,8497.0,8870.0,7752.0
Xambrê,0.0,0.0,0.0,640.0,852.0,355.0,724.0,372.0,390.0,798.0,1044.0,1080.0,1335.0,906.0,688.0,1181.0,967.0,1261.0,1572.0,1376.0,1488.0
Ângulo,0.0,0.0,0.0,502.0,649.0,404.0,546.0,146.0,165.0,690.0,369.0,668.0,1174.0,745.0,762.0,508.0,1290.0,1058.0,1064.0,825.0,1407.0
