Município,2020 Semana 21,2020 Semana 28,2021 Semana 2,2021 Semana 3,2021 Semana 4,2021 Semana 5,2021 Semana 6,2021 Semana 7,2021 Semana 8,2021 Semana 9,2021 Semana 10,2021 Semana 11,2021 Semana 12,2021 Semana 13,2021 Semana 14,2021 Semana 15,2021 Semana 16,2021 Semana 17,2021 Semana 18,2021 Semana 19,2021 Semana 20
Abatiá,0.0,,,1.0,3.0,3.0,3.0,3.0,3.0,3.0,3.0,4.0,6.0,6.0,6.0,7.0,8.0,9.0,9.0,10.0,10.0
Adrianópolis,0.0,,,9.0,9.0,9.0,9.0,9.0,10.0,12.0,15.0,16.0,20.0,22.0,20.0,21.0,21.0,21.0,21.0,21.0,22.0
Agudos do Sul,0.0,,,1.0,2.0,2.0,2.0,2.0,2.0,2.0,2.0,2.0,5.0,5.0,6.0,14.0,14.0,16.0,17.0,19.0,19.0
Almirante Tamandaré,0.0,,,103.0,115.0,122.0,127.0,128.0,131.0,146.0,165.0,201.0,221.0,231.0,257.0,266.0,276.0,287.0,299.0,310.0,323.0
Altamira do Paraná,0.0,,,2.0,2.0,2.0,2.0,2.0,2.0,2.0,2.0,2.0,2.0,2.0,2.0,3.0,3.0,3.0,4.0,4.0,6.0
Alto Paraná,0.0,,,2.0,3.0,4.0,4.0,5.0,5.0,6.0,8.0,11.0,12.0,14.0,14.0,14.0,15.0,17.0,17.0,18.0,18.0
Alto Paraíso,0.0,,,0.0,0.0,0.0,0.0,0.0,0.0,1.0,1.0,1.0,2.0,2.0,2.0,2.0,2.0,2.0,2.0,2.0,3.0
Alto Piquiri,0.0,,,5.0,6.0,6.0,6.0,7.0,7.0,8.0,9.0,10.0,10.0,11.0,11.0,11.0,12.0,12.0,15.0,16.0,18.0
Altônia,0.0,,,5.0,5.0,5.0,5.0,5.0,5.0,11.0,11.0,13.0,13.0,13.0,14.0,14.0,14.0,14.0,14.0,17.0,18.0
Alvorada do Sul,0.0,,,7.0,8.0,8.0,8.0,8.0,8.0,8.0,10.0,10.0,12.0,13.0,14.0,16.0,18.0,20.0,21.0,21.0,21.0
Amaporã,0.0,,,0.0,0.0,0.0,0.0,,0.0,0.0,0.0,0.0,0.0,0.0,0.0,0.0,2.0,2.0,5.0,5.0,5.0
Ampére,0.0,,,9.0,11.0,12.0,12.0,12.0,14.0,16.0,17.0,19.0,20.0,21.0,22.0,26.0,27.0,28.0,28.0,27.0,27.0
Anahy,0.0,,,1.0,2.0,2.0,2.0,3.0,3.0,3.0,3.0,3.0,4.0,4.0,4.0,4.0,5.0,5.0,6.0,6.0,8.0
Andirá,0.0,,,7.0,8.0,10.0,13.0,16.0,23.0,28.0,31.0,38.0,43.0,44.0,44.0,49.0,52.0,52.0,56.0,60.0,64.0
Antonina,0.0,,,34.0,34.0,36.0,37.0,38.0,38.0,39.0,41.0,44.0,43.0,43.0,48.0,50.0,50.0,50.0,55.0,56.0,56.0
Antônio Olinto,0.0,,,1.0,1.0,1.0,1.0,1.0,1.0,1.0,2.0,2.0,2.0,5.0,6.0,6.0,6.0,8.0,8.0,8.0,8.0
Apucarana,0.0,,103.0,110.0,117.0,124.0,127.0,131.0,138.0,142.0,145.0,153.0,155.0,165.0,173.0,191.0,217.0,234.0,251.0,261.0,261.0
Arapongas,0.0,,,171.0,177.0,185.0,190.0,196.0,205.0,213.0,234.0,262.0,288.0,301.0,320.0,342.0,357.0,377.0,386.0,398.0,412.0
Arapoti,0.0,,,6.0,8.0,10.0,11.0,13.0,17.0,20.0,21.0,23.0,26.0,26.0,30.0,32.0,36.0,38.0,39.0,44.0,45.0
Arapuã,0.0,,,2.0,2.0,2.0,3.0,3.0,3.0,3.0,3.0,3.0,4.0,5.0,5.0,5.0,5.0,5.0,5.0,5.0,5.0
Araruna,0.0,,,11.0,11.0,12.0,12.0,12.0,13.0,13.0,13.0,13.0,14.0,16.0,17.0,17.0,18.0,19.0,19.0,19.0,20.0
Araucária,0.0,,,139.0,151.0,152.0,157.0,160.0,164.0,170.0,182.0,199.0,216.0,232.0,248.0,275.0,286.0,297.0,314.0,319.0,324.0
Ariranha do Ivaí,0.0,,,1.0,1.0,1.0,1.0,1.0,,1.0,1.0,1.0,2.0,2.0,2.0,2.0,2.0,2.0,2.0,2.0,2.0
Assaí,0.0,,,17.0,18.0,18.0,18.0,18.0,18.0,18.0,19.0,22.0,25.0,25.0,27.0,33.0,35.0,35.0,39.0,39.0,39.0
Assis Chateaubriand,0.0,,,22.0,25.0,27.0,28.0,28.0,30.0,30.0,33.0,33.0,36.0,41.0,46.0,64.0,67.0,74.0,75.0,77.0,78.0
Astorga,0.0,,,20.0,20.0,20.0,20.0,20.0,21.0,22.0,22.0,27.0,36.0,42.0,43.0,48.0,53.0,54.0,57.0,56.0,63.0
Atalaia,0.0,,,3.0,3.0,3.0,3.0,3.0,3.0,3.0,3.0,4.0,12.0,12.0,14.0,15.0,15.0,15.0,15.0,15.0,16.0
Balsa Nova,0.0,,,11.0,11.0,11.0,11.0,11.0,11.0,11.0,12.0,14.0,16.0,16.0,20.0,20.0,23.0,23.0,23.0,24.0,25.0
Bandeirantes,0.0,,,42.0,48.0,49.0,49.0,48.0,48.0,49.0,50.0,53.0,56.0,61.0,65.0,71.0,76.0,80.0,86.0,93.0,97.0
Barbosa Ferraz,0.0,,,5.0,6.0,6.0,6.0,6.0,6.0,6.0,6.0,6.0,12.0,12.0,14.0,14.0,14.0,15.0,15.0,25.0,29.0
Barra do Jacaré,0.0,,,0.0,0.0,0.0,0.0,0.0,0.0,0.0,1.0,1.0,1.0,1.0,1.0,1.0,1.0,1.0,1.0,1.0,1.0
Barracão,0.0,,,7.0,7.0,7.0,7.0,,8.0,8.0,11.0,14.0,20.0,20.0,23.0,24.0,24.0,24.0,26.0,27.0,28.0
Bela Vista da Caroba,0.0,,,1.0,1.0,1.0,1.0,1.0,,2.0,2.0,3.0,3.0,3.0,4.0,4.0,4.0,5.0,5.0,5.0,5.0
Bela Vista do Paraíso,0.0,,,9.0,13.0,13.0,15.0,16.0,18.0,21.0,26.0,28.0,35.0,39.0,44.0,48.0,55.0,56.0,58.0,58.0,58.0
Bituruna,0.0,,,1.0,1.0,1.0,1.0,1.0,1.0,2.0,2.0,4.0,5.0,5.0,6.0,8.0,8.0,9.0,10.0,10.0,10.0
Boa Esperança,0.0,,,2.0,2.0,3.0,3.0,4.0,4.0,5.0,5.0,5.0,6.0,6.0,6.0,6.0,6.0,6.0,7.0,7.0,8.0
Boa Esperança do Iguaçu,0.0,,,0.0,0.0,0.0,0.0,,0.0,0.0,0.0,0.0,0.0,0.0,0.0,0.0,0.0,0.0,0.0,0.0,0.0
Boa Ventura de São Roque,0.0,,,2.0,2.0,2.0,3.0,,3.0,3.0,4.0,5.0,5.0,5.0,5.0,5.0,5.0,5.0,5.0,5.0,5.0
Boa Vista da Aparecida,0.0,,,9.0,9.0,9.0,10.0,12.0,13.0,13.0,14.0,15.0,16.0,17.0,17.0,17.0,17.0,18.0,19.0,20.0,22.0
Bocaiúva do Sul,0.0,,,3.0,3.0,3.0,3.0,3.0,3.0,4.0,4.0,4.0,4.0,5.0,8.0,8.0,9.0,12.0,13.0,13.0,15.0
Bom Jesus do Sul,0.0,,,2.0,3.0,3.0,3.0,3.0,,3.0,3.0,3.0,3.0,3.0,3.0,3.0,3.0,3.0,3.0,3.0,3.0
Bom Sucesso,0.0,,,3.0,4.0,4.0,6.0,6.0,7.0,7.0,9.0,9.0,9.0,11.0,11.0,11.0,12.0,12.0,12.0,12.0,12.0
Bom Sucesso do Sul,0.0,,,2.0,2.0,2.0,2.0,2.0,3.0,3.0,4.0,4.0,4.0,4.0,5.0,5.0,6.0,6.0,6.0,6.0,6.0
Borrazópolis,0.0,,,9.0,9.0,9.0,9.0,9.0,9.0,12.0,12.0,12.0,13.0,13.0,13.0,13.0,15.0,15.0,16.0,19.0,19.0
Braganey,0.0,,,2.0,3.0,3.0,2.0,2.0,3.0,3.0,3.0,4.0,4.0,6.0,6.0,6.0,7.0,7.0,7.0,7.0,7.0
Brasilândia do Sul,0.0,,,1.0,1.0,1.0,1.0,,,1.0,1.0,7.0,7.0,7.0,7.0,7.0,7.0,7.0,7.0,8.0,8.0
Cafeara,0.0,,,2.0,2.0,2.0,2.0,2.0,,2.0,2.0,2.0,3.0,4.0,4.0,6.0,8.0,8.0,9.0,9.0,10.0
Cafelândia,0.0,,,6.0,6.0,6.0,6.0,6.0,6.0,6.0,6.0,8.0,8.0,9.0,9.0,9.0,9.0,9.0,11.0,11.0,13.0
Cafezal do Sul,0.0,,,1.0,1.0,1.0,1.0,1.0,1.0,1.0,1.0,1.0,1.0,1.0,2.0,2.0,2.0,3.0,4.0,4.0,4.0
Califórnia,0.0,,,8.0,8.0,8.0,8.0,9.0,9.0,9.0,9.0,9.0,9.0,13.0,13.0,14.0,14.0,14.0,15.0,15.0,18.0
Cambará,0.0,,,9.0,9.0,11.0,11.0,12.0,12.0,12.0,12.0,13.0,13.0,19.0,28.0,28.0,32.0,36.0,37.0,39.0,40.0
Cambira,0.0,,6.0,6.0,6.0,6.0,6.0,7.0,7.0,9.0,10.0,10.0,12.0,12.0,13.0,13.0,13.0,14.0,14.0,16.0,16.0
Cambé,0.0,,,65.0,76.0,78.0,81.0,85.0,94.0,100.0,115.0,120.0,124.0,132.0,152.0,160.0,172.0,178.0,191.0,196.0,201.0
Campina Grande do Sul,0.0,,,55.0,56.0,56.0,57.0,57.0,57.0,58.0,58.0,58.0,61.0,62.0,68.0,69.0,74.0,83.0,91.0,95.0,103.0
Campina da Lagoa,0.0,,,7.0,7.0,8.0,8.0,10.0,10.0,10.0,10.0,13.0,13.0,13.0,13.0,18.0,19.0,20.0,20.0,25.0,30.0
Campina do Simão,0.0,,,1.0,1.0,1.0,1.0,1.0,1.0,1.0,1.0,2.0,6.0,6.0,6.0,9.0,11.0,11.0,11.0,12.0,12.0
Campo Bonito,0.0,,,2.0,2.0,2.0,2.0,3.0,4.0,5.0,5.0,5.0,5.0,5.0,6.0,6.0,6.0,6.0,6.0,7.0,7.0
Campo Largo,0.0,,,146.0,151.0,157.0,159.0,165.0,166.0,186.0,202.0,211.0,234.0,257.0,276.0,297.0,313.0,322.0,337.0,345.0,350.0
Campo Magro,0.0,,35.0,37.0,37.0,38.0,39.0,41.0,44.0,46.0,47.0,48.0,50.0,51.0,56.0,58.0,60.0,61.0,63.0,64.0,64.0
Campo Mourão,0.0,,58.0,57.0,78.0,82.0,86.0,88.0,88.0,89.0,96.0,100.0,103.0,117.0,146.0,147.0,155.0,160.0,169.0,179.0,189.0
Campo do Tenente,0.0,,,8.0,8.0,8.0,8.0,9.0,9.0,9.0,9.0,9.0,9.0,9.0,10.0,10.0,12.0,12.0,13.0,13.0,13.0
Candói,0.0,,,2.0,5.0,5.0,6.0,6.0,6.0,7.0,7.0,12.0,12.0,16.0,17.0,17.0,18.0,20.0,20.0,21.0,24.0
Cantagalo,0.0,,,4.0,5.0,6.0,6.0,6.0,6.0,6.0,6.0,6.0,7.0,10.0,17.0,17.0,17.0,18.0,18.0,19.0,19.0
Capanema,0.0,,,5.0,5.0,6.0,8.0,8.0,9.0,9.0,9.0,16.0,19.0,20.0,21.0,21.0,21.0,21.0,21.0,21.0,21.0
Capitão Leônidas Marques,0.0,,,4.0,4.0,5.0,5.0,5.0,,5.0,7.0,10.0,15.0,16.0,16.0,18.0,19.0,19.0,19.0,20.0,22.0
Carambeí,0.0,,,17.0,23.0,24.0,25.0,27.0,28.0,30.0,31.0,33.0,40.0,42.0,44.0,44.0,46.0,47.0,49.0,49.0,53.0
Carlópolis,0.0,,,4.0,5.0,5.0,7.0,7.0,7.0,7.0,7.0,7.0,8.0,8.0,9.0,11.0,11.0,12.0,14.0,19.0,22.0
Cascavel,0.0,,251.0,263.0,280.0,289.0,292.0,299.0,328.0,361.0,421.0,494.0,540.0,573.0,598.0,628.0,644.0,652.0,665.0,681.0,693.0
Castro,0.0,,,54.0,56.0,62.0,65.0,68.0,68.0,70.0,75.0,80.0,90.0,97.0,104.0,117.0,128.0,134.0,144.0,159.0,170.0
Catanduvas,0.0,,,4.0,4.0,4.0,4.0,4.0,4.0,6.0,9.0,11.0,14.0,14.0,14.0,15.0,16.0,17.0,17.0,17.0,18.0
Centenário do Sul,0.0,,,6.0,6.0,8.0,8.0,8.0,10.0,11.0,11.0,12.0,12.0,13.0,16.0,20.0,22.0,23.0,25.0,26.0,26.0
Cerro Azul,0.0,,,15.0,15.0,15.0,15.0,16.0,17.0,18.0,21.0,26.0,30.0,32.0,33.0,34.0,35.0,35.0,35.0,36.0,36.0
Chopinzinho,0.0,,,19.0,21.0,21.0,23.0,24.0,25.0,26.0,27.0,31.0,32.0,34.0,35.0,37.0,38.0,39.0,39.0,39.0,42.0
Cianorte,0.0,,,41.0,42.0,47.0,48.0,50.0,51.0,56.0,62.0,69.0,79.0,89.0,99.0,103.0,115.0,120.0,124.0,124.0,129.0
Cidade Gaúcha,0.0,,,1.0,1.0,1.0,1.0,1.0,2.0,2.0,2.0,2.0,2.0,3.0,3.0,3.0,4.0,5.0,5.0,7.0,7.0
Clevelândia,0.0,,,21.0,22.0,22.0,22.0,22.0,,30.0,49.0,56.0,61.0,64.0,68.0,71.0,71.0,71.0,72.0,72.0,73.0
Colombo,0.0,,,290.0,311.0,316.0,319.0,319.0,322.0,343.0,346.0,368.0,386.0,391.0,432.0,474.0,495.0,508.0,527.0,550.0,562.0
Colorado,0.0,,,15.0,16.0,16.0,18.0,18.0,19.0,19.0,21.0,28.0,31.0,33.0,36.0,36.0,36.0,36.0,42.0,43.0,45.0
Congonhinhas,0.0,,,5.0,6.0,7.0,8.0,8.0,9.0,9.0,9.0,9.0,9.0,9.0,9.0,14.0,14.0,14.0,18.0,19.0,22.0
Conselheiro Mairinck,0.0,,,2.0,2.0,4.0,4.0,4.0,4.0,4.0,4.0,5.0,5.0,6.0,8.0,8.0,8.0,8.0,8.0,8.0,8.0
Contenda,0.0,,,8.0,8.0,8.0,8.0,8.0,8.0,8.0,8.0,9.0,9.0,9.0,17.0,20.0,24.0,28.0,30.0,32.0,33.0
Corbélia,0.0,,,12.0,13.0,13.0,13.0,13.0,13.0,15.0,16.0,21.0,22.0,23.0,24.0,24.0,25.0,26.0,26.0,28.0,30.0
Cornélio Procópio,0.0,,,33.0,38.0,41.0,45.0,47.0,49.0,53.0,65.0,71.0,76.0,83.0,89.0,89.0,99.0,103.0,108.0,109.0,119.0
Coronel Domingos Soares,0.0,,,0.0,0.0,0.0,0.0,0.0,0.0,0.0,0.0,0.0,2.0,3.0,6.0,6.0,6.0,6.0,10.0,13.0,14.0
Coronel Vivida,0.0,,,8.0,9.0,10.0,11.0,14.0,22.0,28.0,35.0,41.0,51.0,57.0,60.0,61.0,62.0,63.0,64.0,64.0,64.0
Corumbataí do Sul,0.0,,,2.0,2.0,2.0,2.0,2.0,2.0,2.0,2.0,2.0,6.0,6.0,6.0,6.0,6.0,6.0,7.0,7.0,7.0
Cruz Machado,0.0,,,1.0,2.0,2.0,2.0,3.0,,3.0,7.0,9.0,9.0,10.0,12.0,12.0,13.0,13.0,14.0,14.0,14.0
Cruzeiro do Iguaçu,0.0,,,5.0,5.0,,5.0,,5.0,5.0,5.0,5.0,7.0,7.0,7.0,7.0,7.0,7.0,7.0,7.0,7.0
Cruzeiro do Oeste,0.0,,,16.0,19.0,22.0,26.0,26.0,27.0,33.0,33.0,34.0,36.0,37.0,41.0,41.0,43.0,45.0,48.0,49.0,51.0
Cruzeiro do Sul,0.0,,,0.0,0.0,0.0,0.0,,1.0,1.0,4.0,4.0,9.0,9.0,12.0,12.0,11.0,11.0,11.0,11.0,11.0
Cruzmaltina,0.0,,,3.0,3.0,3.0,3.0,3.0,3.0,4.0,4.0,4.0,5.0,5.0,5.0,5.0,5.0,5.0,5.0,5.0,5.0
Curitiba,0.0,,,2159.0,2270.0,2306.0,2372.0,2461.0,2538.0,2807.0,2878.0,3001.0,3161.0,3298.0,3757.0,3972.0,4303.0,4544.0,4840.0,4958.0,5033.0
Curiúva,0.0,,,8.0,9.0,9.0,9.0,10.0,11.0,11.0,11.0,12.0,14.0,14.0,14.0,15.0,15.0,15.0,16.0,16.0,16.0
Cândido de Abreu,0.0,,,0.0,0.0,0.0,0.0,0.0,0.0,0.0,1.0,1.0,2.0,2.0,3.0,4.0,4.0,7.0,7.0,8.0,9.0
Céu Azul,0.0,,,4.0,6.0,6.0,6.0,7.0,7.0,9.0,9.0,9.0,11.0,11.0,13.0,15.0,15.0,15.0,16.0,16.0,16.0
Diamante D'Oeste,0.0,,,4.0,5.0,5.0,5.0,5.0,5.0,5.0,5.0,5.0,5.0,5.0,5.0,6.0,6.0,7.0,8.0,8.0,8.0
Diamante do Norte,0.0,,,2.0,2.0,4.0,4.0,4.0,4.0,4.0,5.0,5.0,5.0,8.0,8.0,8.0,8.0,8.0,8.0,8.0,8.0
Diamante do Sul,0.0,,,2.0,2.0,2.0,2.0,,,3.0,5.0,7.0,7.0,8.0,8.0,8.0,9.0,9.0,9.0,9.0,9.0
Dois Vizinhos,0.0,,,35.0,36.0,36.0,36.0,36.0,37.0,41.0,43.0,47.0,50.0,53.0,54.0,60.0,61.0,64.0,67.0,70.0,73.0
Douradina,0.0,,1.0,1.0,1.0,1.0,1.0,1.0,1.0,1.0,1.0,2.0,3.0,3.0,3.0,5.0,5.0,6.0,7.0,7.0,7.0
Doutor Camargo,0.0,,,7.0,7.0,7.0,7.0,8.0,8.0,8.0,8.0,8.0,9.0,9.0,,10.0,10.0,10.0,10.0,10.0,10.0
Doutor Ulysses,0.0,,,2.0,2.0,2.0,2.0,2.0,2.0,2.0,2.0,2.0,2.0,2.0,3.0,3.0,3.0,3.0,3.0,4.0,4.0
Engenheiro Beltrão,0.0,,,6.0,7.0,7.0,7.0,8.0,8.0,8.0,8.0,9.0,9.0,11.0,11.0,11.0,13.0,15.0,15.0,15.0,15.0
Entre Rios do Oeste,0.0,,,1.0,2.0,2.0,2.0,,2.0,2.0,2.0,2.0,2.0,2.0,,3.0,3.0,3.0,3.0,3.0,3.0
Enéas Marques,0.0,,,12.0,12.0,12.0,12.0,12.0,12.0,12.0,12.0,13.0,15.0,15.0,15.0,15.0,15.0,16.0,16.0,16.0,16.0
Esperança Nova,0.0,,,2.0,4.0,,5.0,6.0,,6.0,6.0,6.0,7.0,7.0,7.0,7.0,7.0,7.0,7.0,7.0,7.0
Espigão Alto do Iguaçu,0.0,,,3.0,3.0,3.0,3.0,4.0,4.0,4.0,4.0,4.0,4.0,4.0,4.0,4.0,5.0,5.0,5.0,5.0,5.0
Farol,0.0,,,1.0,1.0,1.0,1.0,1.0,,2.0,2.0,2.0,2.0,2.0,3.0,3.0,3.0,3.0,3.0,3.0,3.0
Faxinal,0.0,,,16.0,18.0,19.0,20.0,20.0,21.0,22.0,22.0,23.0,26.0,27.0,33.0,34.0,36.0,40.0,43.0,44.0,48.0
Fazenda Rio Grande,0.0,,,130.0,142.0,149.0,150.0,151.0,155.0,159.0,168.0,175.0,183.0,186.0,210.0,227.0,241.0,252.0,285.0,290.0,295.0
Fernandes Pinheiro,0.0,,,2.0,2.0,2.0,3.0,4.0,4.0,5.0,5.0,5.0,5.0,5.0,5.0,5.0,5.0,5.0,6.0,8.0,10.0
Figueira,0.0,,,4.0,4.0,6.0,7.0,8.0,10.0,11.0,15.0,17.0,19.0,19.0,21.0,21.0,22.0,22.0,22.0,23.0,23.0
Flor da Serra do Sul,0.0,,,2.0,3.0,3.0,3.0,3.0,3.0,3.0,6.0,13.0,13.0,15.0,16.0,18.0,20.0,23.0,23.0,22.0,22.0
Floraí,0.0,,,3.0,3.0,3.0,4.0,4.0,5.0,5.0,6.0,6.0,7.0,7.0,7.0,8.0,8.0,8.0,9.0,9.0,9.0
Floresta,0.0,,,6.0,6.0,6.0,6.0,6.0,8.0,8.0,8.0,8.0,9.0,9.0,11.0,12.0,12.0,12.0,13.0,13.0,13.0
Florestópolis,0.0,,,9.0,10.0,11.0,11.0,11.0,11.0,11.0,11.0,12.0,13.0,13.0,15.0,19.0,19.0,21.0,21.0,22.0,24.0
Flórida,0.0,,,0.0,0.0,0.0,0.0,0.0,,1.0,2.0,4.0,4.0,4.0,4.0,4.0,4.0,5.0,5.0,5.0,5.0
Formosa do Oeste,0.0,,,6.0,6.0,6.0,6.0,7.0,7.0,7.0,7.0,7.0,8.0,8.0,9.0,9.0,9.0,9.0,9.0,10.0,11.0
Foz do Iguaçu,0.0,,,321.0,346.0,354.0,372.0,383.0,403.0,429.0,476.0,522.0,598.0,654.0,684.0,725.0,748.0,772.0,775.0,797.0,812.0
Foz do Jordão,0.0,,,7.0,7.0,7.0,8.0,,8.0,9.0,10.0,10.0,9.0,11.0,11.0,11.0,11.0,11.0,11.0,12.0,12.0
Francisco Alves,0.0,,,1.0,1.0,1.0,2.0,2.0,2.0,3.0,3.0,3.0,3.0,3.0,4.0,5.0,5.0,5.0,7.0,7.0,7.0
Francisco Beltrão,0.0,,,61.0,65.0,65.0,66.0,69.0,71.0,72.0,75.0,78.0,118.0,126.0,143.0,150.0,157.0,164.0,171.0,181.0,186.0
Fênix,0.0,,,1.0,1.0,1.0,1.0,1.0,1.0,2.0,2.0,2.0,2.0,2.0,2.0,2.0,2.0,2.0,2.0,2.0,2.0
General Carneiro,0.0,,,7.0,7.0,,7.0,7.0,7.0,7.0,7.0,7.0,7.0,7.0,7.0,9.0,10.0,10.0,12.0,13.0,13.0
Godoy Moreira,0.0,,,0.0,0.0,0.0,0.0,1.0,,1.0,1.0,1.0,1.0,1.0,1.0,1.0,1.0,1.0,1.0,1.0,1.0
Goioerê,0.0,,,14.0,14.0,16.0,16.0,17.0,18.0,18.0,18.0,19.0,19.0,19.0,22.0,25.0,26.0,26.0,36.0,38.0,46.0
Goioxim,0.0,,,1.0,1.0,2.0,3.0,3.0,3.0,3.0,4.0,4.0,4.0,5.0,5.0,5.0,5.0,5.0,4.0,4.0,4.0
Grandes Rios,0.0,,,2.0,2.0,3.0,3.0,4.0,4.0,4.0,4.0,5.0,9.0,9.0,9.0,10.0,10.0,10.0,10.0,10.0,10.0
Guairaçá,0.0,,,1.0,1.0,1.0,1.0,1.0,3.0,4.0,4.0,4.0,6.0,7.0,8.0,8.0,8.0,9.0,9.0,9.0,9.0
Guamiranga,0.0,,,6.0,6.0,5.0,5.0,5.0,5.0,5.0,6.0,7.0,7.0,7.0,7.0,7.0,7.0,8.0,9.0,10.0,11.0
Guapirama,0.0,,,2.0,2.0,2.0,2.0,2.0,2.0,2.0,2.0,2.0,2.0,2.0,3.0,3.0,3.0,3.0,4.0,4.0,4.0
Guaporema,0.0,,,4.0,4.0,4.0,4.0,4.0,4.0,4.0,4.0,4.0,4.0,4.0,4.0,4.0,4.0,4.0,4.0,4.0,4.0
Guaraci,0.0,,,4.0,5.0,5.0,5.0,5.0,6.0,6.0,6.0,6.0,6.0,6.0,6.0,8.0,8.0,8.0,8.0,8.0,8.0
Guaraniaçu,0.0,,,4.0,4.0,4.0,4.0,4.0,4.0,4.0,4.0,4.0,4.0,4.0,6.0,8.0,10.0,13.0,15.0,17.0,17.0
Guarapuava,0.0,,67.0,70.0,89.0,97.0,104.0,106.0,118.0,124.0,140.0,160.0,184.0,197.0,232.0,255.0,268.0,290.0,305.0,329.0,373.0
Guaraqueçaba,0.0,,,4.0,4.0,4.0,4.0,4.0,4.0,5.0,5.0,5.0,9.0,10.0,14.0,14.0,14.0,14.0,14.0,14.0,14.0
Guaratuba,0.0,,,41.0,44.0,47.0,51.0,55.0,64.0,73.0,85.0,98.0,111.0,116.0,126.0,132.0,132.0,132.0,137.0,138.0,148.0
Guaíra,0.0,,,12.0,13.0,13.0,16.0,16.0,19.0,21.0,28.0,36.0,42.0,46.0,49.0,54.0,55.0,61.0,63.0,65.0,67.0
Honório Serpa,0.0,,,1.0,1.0,1.0,1.0,2.0,2.0,3.0,3.0,5.0,7.0,7.0,8.0,8.0,8.0,8.0,9.0,9.0,9.0
Ibaiti,0.0,,,26.0,27.0,28.0,28.0,29.0,28.0,30.0,34.0,42.0,49.0,52.0,69.0,76.0,80.0,86.0,91.0,94.0,96.0
Ibema,0.0,,,5.0,5.0,5.0,5.0,5.0,5.0,6.0,7.0,8.0,8.0,9.0,9.0,9.0,9.0,10.0,10.0,13.0,14.0
Ibiporã,0.0,,,28.0,35.0,36.0,38.0,40.0,46.0,51.0,57.0,58.0,62.0,66.0,78.0,85.0,94.0,100.0,108.0,110.0,116.0
Icaraíma,0.0,,,3.0,3.0,3.0,3.0,3.0,4.0,4.0,4.0,5.0,7.0,7.0,9.0,10.0,10.0,11.0,11.0,11.0,11.0
Iguaraçu,0.0,,,2.0,2.0,2.0,2.0,2.0,2.0,3.0,3.0,9.0,10.0,10.0,14.0,15.0,17.0,18.0,19.0,20.0,20.0
Iguatu,0.0,,,2.0,2.0,2.0,2.0,,2.0,2.0,3.0,4.0,4.0,5.0,5.0,5.0,5.0,5.0,5.0,5.0,5.0
Imbaú,0.0,,,8.0,9.0,9.0,9.0,11.0,,13.0,13.0,13.0,15.0,15.0,15.0,16.0,17.0,26.0,32.0,38.0,40.0
Imbituva,0.0,,,30.0,34.0,34.0,35.0,37.0,38.0,42.0,47.0,50.0,53.0,57.0,57.0,57.0,58.0,59.0,60.0,61.0,64.0
Inajá,0.0,,,3.0,3.0,3.0,3.0,3.0,,3.0,3.0,4.0,4.0,4.0,,5.0,5.0,5.0,5.0,6.0,8.0
Indianópolis,0.0,,,0.0,1.0,,1.0,1.0,1.0,1.0,1.0,2.0,2.0,2.0,2.0,3.0,3.0,4.0,4.0,4.0,6.0
Inácio Martins,0.0,,,2.0,2.0,2.0,2.0,2.0,2.0,2.0,3.0,3.0,3.0,3.0,3.0,6.0,6.0,8.0,8.0,8.0,10.0
Ipiranga,0.0,,,5.0,6.0,6.0,6.0,6.0,6.0,6.0,8.0,8.0,8.0,8.0,9.0,9.0,9.0,9.0,13.0,17.0,18.0
Iporã,0.0,,,1.0,2.0,2.0,2.0,2.0,2.0,2.0,2.0,2.0,2.0,2.0,3.0,3.0,5.0,5.0,6.0,7.0,10.0
Iracema do Oeste,0.0,,,1.0,1.0,,1.0,1.0,,1.0,2.0,2.0,2.0,2.0,2.0,2.0,2.0,2.0,2.0,2.0,2.0
Irati,0.0,,,24.0,31.0,31.0,33.0,34.0,36.0,36.0,41.0,43.0,51.0,52.0,54.0,59.0,61.0,64.0,72.0,87.0,96.0
Iretama,0.0,,,4.0,5.0,5.0,5.0,5.0,6.0,6.0,6.0,6.0,7.0,7.0,7.0,7.0,8.0,8.0,8.0,8.0,8.0
Itaguajé,0.0,,,6.0,6.0,6.0,6.0,6.0,6.0,6.0,6.0,6.0,6.0,6.0,,7.0,7.0,7.0,7.0,8.0,8.0
Itaipulândia,0.0,,,9.0,9.0,9.0,9.0,9.0,11.0,11.0,11.0,11.0,11.0,12.0,12.0,12.0,13.0,13.0,13.0,13.0,13.0
Itambaracá,0.0,,,3.0,4.0,4.0,4.0,4.0,4.0,5.0,5.0,6.0,11.0,13.0,13.0,13.0,14.0,14.0,15.0,16.0,16.0
Itambé,0.0,,16.0,17.0,17.0,18.0,18.0,18.0,18.0,18.0,18.0,20.0,21.0,23.0,25.0,25.0,28.0,28.0,29.0,29.0,30.0
Itapejara d'Oeste,0.0,,,9.0,9.0,9.0,11.0,11.0,13.0,17.0,20.0,25.0,28.0,28.0,27.0,30.0,31.0,32.0,35.0,36.0,37.0
Itaperuçu,0.0,,33.0,33.0,35.0,35.0,35.0,36.0,36.0,43.0,50.0,61.0,66.0,72.0,73.0,81.0,87.0,92.0,95.0,98.0,100.0
Itaúna do Sul,0.0,,,2.0,2.0,2.0,2.0,2.0,4.0,4.0,4.0,5.0,5.0,5.0,5.0,5.0,5.0,5.0,5.0,5.0,5.0
Ivaiporã,0.0,,,27.0,28.0,29.0,29.0,30.0,30.0,35.0,36.0,38.0,41.0,44.0,45.0,49.0,56.0,57.0,57.0,63.0,66.0
Ivatuba,0.0,,,3.0,4.0,4.0,4.0,,4.0,4.0,5.0,5.0,6.0,6.0,6.0,6.0,6.0,6.0,6.0,6.0,6.0
Ivaté,0.0,,,1.0,1.0,2.0,2.0,2.0,2.0,2.0,2.0,2.0,2.0,2.0,2.0,3.0,3.0,3.0,3.0,3.0,3.0
Ivaí,0.0,,,6.0,6.0,6.0,6.0,6.0,8.0,8.0,8.0,9.0,11.0,11.0,11.0,13.0,13.0,13.0,13.0,13.0,13.0
Jaboti,0.0,,,3.0,3.0,,3.0,3.0,3.0,3.0,3.0,4.0,4.0,4.0,7.0,7.0,7.0,7.0,8.0,8.0,8.0
Jacarezinho,0.0,,,18.0,21.0,22.0,22.0,23.0,24.0,24.0,28.0,32.0,33.0,36.0,38.0,49.0,56.0,59.0,66.0,70.0,75.0
Jaguapitã,0.0,,,10.0,11.0,11.0,12.0,12.0,13.0,13.0,17.0,21.0,23.0,24.0,29.0,31.0,39.0,39.0,41.0,41.0,41.0
Jaguariaíva,0.0,,,23.0,25.0,27.0,27.0,29.0,31.0,32.0,38.0,44.0,50.0,54.0,61.0,71.0,78.0,86.0,90.0,97.0,102.0
Jandaia do Sul,0.0,0.0,17.0,18.0,18.0,20.0,21.0,24.0,27.0,28.0,31.0,38.0,40.0,42.0,45.0,49.0,51.0,51.0,54.0,55.0,58.0
Janiópolis,0.0,,,6.0,6.0,6.0,6.0,6.0,6.0,6.0,6.0,7.0,7.0,7.0,7.0,7.0,8.0,9.0,9.0,9.0,12.0
Japira,0.0,,,3.0,3.0,3.0,3.0,3.0,3.0,3.0,4.0,4.0,5.0,5.0,6.0,7.0,7.0,7.0,7.0,9.0,9.0
Japurá,0.0,,,2.0,2.0,3.0,3.0,3.0,3.0,5.0,5.0,5.0,5.0,5.0,7.0,7.0,7.0,7.0,7.0,6.0,6.0
Jardim Alegre,0.0,,,7.0,7.0,7.0,7.0,8.0,8.0,8.0,8.0,8.0,11.0,13.0,13.0,13.0,14.0,14.0,15.0,16.0,20.0
Jardim Olinda,0.0,,,0.0,0.0,,0.0,,,1.0,1.0,1.0,1.0,1.0,1.0,1.0,1.0,1.0,2.0,2.0,2.0
Jataizinho,0.0,,,15.0,17.0,18.0,18.0,18.0,18.0,18.0,19.0,19.0,20.0,20.0,24.0,24.0,27.0,29.0,31.0,31.0,31.0
Jesuítas,0.0,,,8.0,9.0,10.0,10.0,10.0,12.0,14.0,14.0,16.0,16.0,16.0,16.0,17.0,17.0,17.0,17.0,18.0,19.0
Joaquim Távora,0.0,,,6.0,7.0,7.0,7.0,7.0,7.0,7.0,7.0,7.0,7.0,7.0,10.0,22.0,24.0,25.0,27.0,31.0,32.0
Jundiaí do Sul,0.0,,,2.0,2.0,3.0,3.0,3.0,3.0,3.0,4.0,4.0,4.0,5.0,5.0,5.0,5.0,5.0,5.0,5.0,5.0
Juranda,0.0,,,3.0,3.0,3.0,3.0,3.0,3.0,4.0,4.0,4.0,7.0,8.0,9.0,9.0,10.0,11.0,11.0,11.0,11.0
Jussara,0.0,,,4.0,5.0,4.0,4.0,4.0,4.0,4.0,4.0,4.0,4.0,4.0,4.0,4.0,4.0,4.0,5.0,5.0,5.0
Kaloré,0.0,,,4.0,5.0,5.0,7.0,7.0,7.0,7.0,7.0,7.0,7.0,9.0,9.0,11.0,11.0,12.0,13.0,13.0,15.0
Lapa,0.0,,,21.0,29.0,31.0,33.0,34.0,34.0,34.0,36.0,41.0,45.0,46.0,49.0,51.0,54.0,55.0,56.0,58.0,59.0
Laranjal,0.0,,,1.0,1.0,2.0,2.0,2.0,2.0,2.0,2.0,2.0,4.0,4.0,4.0,4.0,4.0,4.0,4.0,4.0,4.0
Laranjeiras do Sul,0.0,,,3.0,5.0,7.0,8.0,8.0,9.0,12.0,13.0,13.0,14.0,14.0,23.0,25.0,27.0,32.0,37.0,36.0,37.0
Leópolis,0.0,,,3.0,3.0,3.0,3.0,3.0,5.0,5.0,5.0,5.0,5.0,6.0,6.0,6.0,8.0,8.0,8.0,9.0,9.0
Lidianópolis,0.0,,,2.0,2.0,2.0,2.0,2.0,,2.0,2.0,2.0,3.0,4.0,4.0,4.0,6.0,7.0,7.0,7.0,7.0
Lindoeste,0.0,,,4.0,4.0,4.0,4.0,4.0,4.0,5.0,5.0,6.0,7.0,7.0,7.0,7.0,7.0,7.0,7.0,7.0,7.0
Loanda,0.0,,,16.0,18.0,19.0,20.0,20.0,20.0,21.0,22.0,22.0,23.0,23.0,23.0,25.0,25.0,26.0,26.0,27.0,27.0
Lobato,0.0,,,1.0,1.0,1.0,1.0,2.0,4.0,4.0,5.0,5.0,7.0,7.0,7.0,7.0,8.0,9.0,9.0,10.0,10.0
Londrina,0.0,,465.0,465.0,509.0,514.0,532.0,571.0,596.0,623.0,686.0,746.0,822.0,886.0,977.0,1060.0,1114.0,1175.0,1231.0,1275.0,1319.0
Luiziana,0.0,,,2.0,2.0,2.0,2.0,2.0,2.0,2.0,3.0,3.0,3.0,4.0,5.0,6.0,6.0,6.0,6.0,6.0,6.0
Lunardelli,0.0,,,1.0,1.0,1.0,1.0,1.0,1.0,1.0,1.0,1.0,1.0,1.0,1.0,1.0,1.0,1.0,1.0,1.0,2.0
Lupionópolis,0.0,,,0.0,0.0,0.0,0.0,0.0,0.0,0.0,2.0,5.0,6.0,6.0,7.0,9.0,9.0,9.0,11.0,13.0,13.0
Mallet,0.0,,,3.0,3.0,3.0,3.0,3.0,3.0,3.0,3.0,3.0,3.0,4.0,5.0,5.0,5.0,5.0,6.0,6.0,7.0
Mamborê,0.0,,,6.0,6.0,7.0,8.0,8.0,,10.0,11.0,12.0,12.0,12.0,13.0,13.0,13.0,13.0,13.0,13.0,14.0
Mandaguari,0.0,,,20.0,23.0,25.0,27.0,28.0,32.0,37.0,46.0,50.0,61.0,65.0,70.0,84.0,84.0,85.0,90.0,91.0,95.0
Mandaguaçu,0.0,,,9.0,9.0,9.0,9.0,10.0,10.0,11.0,15.0,17.0,20.0,24.0,26.0,37.0,38.0,41.0,41.0,44.0,47.0
Mandirituba,0.0,,,17.0,20.0,22.0,23.0,23.0,23.0,26.0,28.0,34.0,38.0,46.0,55.0,58.0,61.0,66.0,67.0,69.0,69.0
Manfrinópolis,0.0,,,1.0,1.0,1.0,1.0,2.0,2.0,2.0,2.0,2.0,2.0,2.0,2.0,3.0,3.0,4.0,4.0,4.0,4.0
Mangueirinha,0.0,,,9.0,10.0,10.0,10.0,10.0,10.0,11.0,11.0,13.0,15.0,15.0,17.0,18.0,21.0,21.0,22.0,23.0,24.0
Manoel Ribas,0.0,,,10.0,10.0,10.0,10.0,11.0,11.0,11.0,9.0,11.0,11.0,14.0,17.0,19.0,19.0,22.0,22.0,21.0,23.0
Marechal Cândido Rondon,0.0,,,32.0,33.0,34.0,37.0,39.0,43.0,45.0,45.0,51.0,56.0,64.0,67.0,71.0,72.0,76.0,80.0,83.0,89.0
Maria Helena,0.0,,,1.0,1.0,1.0,1.0,1.0,1.0,1.0,1.0,1.0,2.0,2.0,2.0,4.0,4.0,4.0,4.0,4.0,4.0
Marialva,0.0,,,26.0,27.0,27.0,28.0,28.0,31.0,32.0,41.0,51.0,59.0,65.0,68.0,76.0,78.0,83.0,84.0,85.0,91.0
Marilena,0.0,,,4.0,5.0,5.0,5.0,5.0,5.0,5.0,5.0,5.0,5.0,7.0,8.0,8.0,8.0,8.0,8.0,8.0,8.0
Mariluz,0.0,,,13.0,13.0,13.0,13.0,13.0,13.0,13.0,14.0,14.0,18.0,18.0,21.0,22.0,24.0,27.0,28.0,30.0,30.0
Marilândia do Sul,0.0,,,6.0,6.0,6.0,7.0,7.0,7.0,7.0,7.0,8.0,13.0,17.0,18.0,18.0,20.0,21.0,24.0,32.0,33.0
Maringá,0.0,,354.0,371.0,387.0,398.0,407.0,424.0,445.0,507.0,570.0,644.0,722.0,799.0,867.0,934.0,983.0,1040.0,1067.0,1086.0,1110.0
Maripá,0.0,,,4.0,4.0,5.0,5.0,5.0,6.0,6.0,6.0,7.0,7.0,7.0,7.0,7.0,7.0,8.0,9.0,9.0,10.0
Mariópolis,0.0,,,2.0,3.0,3.0,3.0,,4.0,7.0,7.0,9.0,9.0,9.0,11.0,11.0,11.0,11.0,11.0,14.0,15.0
Marmeleiro,0.0,,,11.0,12.0,12.0,12.0,13.0,13.0,14.0,18.0,19.0,22.0,25.0,28.0,31.0,31.0,35.0,35.0,37.0,37.0
Marquinho,0.0,,,1.0,1.0,1.0,1.0,,2.0,2.0,2.0,2.0,2.0,2.0,3.0,4.0,4.0,4.0,4.0,4.0,4.0
Marumbi,0.0,,2.0,3.0,3.0,3.0,3.0,3.0,3.0,3.0,3.0,3.0,3.0,3.0,3.0,3.0,3.0,4.0,4.0,4.0,5.0
Matelândia,0.0,,,16.0,17.0,17.0,18.0,18.0,19.0,20.0,21.0,21.0,23.0,23.0,25.0,29.0,31.0,36.0,37.0,40.0,44.0
Matinhos,0.0,,,28.0,29.0,31.0,31.0,35.0,38.0,41.0,47.0,50.0,57.0,63.0,66.0,66.0,69.0,76.0,77.0,83.0,85.0
Mato Rico,0.0,,,0.0,0.0,,0.0,1.0,1.0,2.0,2.0,2.0,2.0,2.0,2.0,2.0,2.0,2.0,3.0,3.0,3.0
Mauá da Serra,0.0,,,6.0,6.0,6.0,6.0,6.0,6.0,7.0,8.0,9.0,10.0,10.0,10.0,12.0,13.0,15.0,18.0,18.0,18.0
Medianeira,0.0,,,34.0,37.0,38.0,42.0,44.0,47.0,48.0,50.0,53.0,54.0,56.0,59.0,61.0,65.0,72.0,73.0,78.0,81.0
Mercedes,0.0,,,1.0,1.0,1.0,1.0,,1.0,1.0,4.0,4.0,4.0,4.0,4.0,4.0,4.0,4.0,4.0,4.0,4.0
Mirador,0.0,,,1.0,1.0,1.0,1.0,,1.0,1.0,1.0,1.0,1.0,1.0,1.0,1.0,1.0,1.0,1.0,1.0,1.0
Miraselva,0.0,,,1.0,1.0,1.0,1.0,1.0,,2.0,2.0,2.0,2.0,2.0,2.0,2.0,2.0,3.0,3.0,5.0,5.0
Missal,0.0,,,5.0,5.0,6.0,7.0,7.0,9.0,9.0,9.0,10.0,11.0,11.0,11.0,12.0,12.0,12.0,13.0,13.0,14.0
Moreira Sales,0.0,,,3.0,4.0,4.0,4.0,4.0,5.0,5.0,5.0,5.0,7.0,7.0,7.0,7.0,9.0,9.0,9.0,10.0,11.0
Morretes,0.0,,,23.0,27.0,28.0,28.0,29.0,29.0,29.0,29.0,31.0,31.0,31.0,31.0,36.0,38.0,39.0,40.0,47.0,49.0
Munhoz de Melo,0.0,,,1.0,1.0,1.0,1.0,1.0,,1.0,2.0,2.0,3.0,3.0,,5.0,6.0,6.0,7.0,7.0,7.0
Nossa Senhora das Graças,0.0,,,3.0,3.0,3.0,3.0,3.0,3.0,3.0,3.0,3.0,4.0,4.0,5.0,6.0,6.0,6.0,6.0,6.0,6.0
Nova Aliança do Ivaí,0.0,,,0.0,0.0,0.0,0.0,0.0,0.0,0.0,0.0,0.0,0.0,0.0,0.0,0.0,0.0,0.0,0.0,1.0,1.0
Nova América da Colina,0.0,,,1.0,1.0,1.0,1.0,,,1.0,1.0,1.0,1.0,1.0,3.0,4.0,5.0,5.0,7.0,8.0,8.0
Nova Aurora,0.0,,,10.0,10.0,11.0,11.0,11.0,11.0,11.0,11.0,13.0,17.0,17.0,18.0,18.0,18.0,18.0,18.0,17.0,17.0
Nova Cantu,0.0,,,2.0,2.0,2.0,2.0,2.0,2.0,2.0,3.0,3.0,3.0,3.0,4.0,4.0,4.0,4.0,4.0,4.0,4.0
Nova Esperança,0.0,,,22.0,23.0,23.0,25.0,25.0,25.0,25.0,29.0,32.0,36.0,36.0,38.0,47.0,47.0,50.0,51.0,51.0,55.0
Nova Esperança do Sudoeste,0.0,,,1.0,1.0,1.0,1.0,1.0,1.0,2.0,6.0,6.0,6.0,6.0,6.0,7.0,9.0,9.0,9.0,10.0,10.0
Nova Fátima,0.0,,,1.0,1.0,2.0,2.0,2.0,2.0,2.0,2.0,2.0,3.0,5.0,6.0,6.0,6.0,6.0,7.0,7.0,8.0
Nova Laranjeiras,0.0,,,1.0,2.0,2.0,3.0,3.0,3.0,3.0,3.0,3.0,3.0,4.0,4.0,4.0,4.0,4.0,4.0,4.0,5.0
Nova Londrina,0.0,,,4.0,4.0,4.0,4.0,4.0,5.0,5.0,5.0,5.0,7.0,8.0,7.0,10.0,10.0,10.0,11.0,15.0,17.0
Nova Olímpia,0.0,,,0.0,0.0,1.0,1.0,1.0,1.0,1.0,1.0,1.0,2.0,2.0,3.0,4.0,4.0,4.0,5.0,6.0,6.0
Nova Prata do Iguaçu,0.0,,,6.0,7.0,7.0,7.0,7.0,7.0,7.0,8.0,8.0,11.0,11.0,11.0,12.0,12.0,12.0,12.0,12.0,12.0
Nova Santa Bárbara,0.0,,,0.0,0.0,0.0,1.0,1.0,1.0,1.0,3.0,6.0,9.0,10.0,11.0,11.0,12.0,13.0,14.0,15.0,16.0
Nova Santa Rosa,0.0,,,0.0,0.0,1.0,1.0,1.0,1.0,3.0,3.0,4.0,4.0,4.0,4.0,4.0,4.0,4.0,5.0,5.0,6.0
Nova Tebas,0.0,,,3.0,3.0,4.0,6.0,6.0,6.0,6.0,6.0,6.0,6.0,7.0,7.0,7.0,8.0,8.0,9.0,9.0,10.0
Novo Itacolomi,0.0,,,4.0,4.0,4.0,4.0,4.0,4.0,4.0,4.0,4.0,4.0,4.0,4.0,4.0,4.0,4.0,4.0,4.0,4.0
Ortigueira,0.0,,,13.0,13.0,13.0,13.0,13.0,14.0,14.0,16.0,16.0,16.0,17.0,19.0,21.0,21.0,24.0,24.0,24.0,26.0
Ourizona,0.0,,,1.0,1.0,1.0,1.0,,1.0,1.0,1.0,1.0,1.0,1.0,2.0,4.0,4.0,4.0,5.0,5.0,5.0
Ouro Verde do Oeste,0.0,,,9.0,10.0,10.0,10.0,11.0,,11.0,11.0,11.0,11.0,11.0,12.0,13.0,13.0,14.0,14.0,15.0,15.0
Paiçandu,0.0,,,30.0,35.0,37.0,38.0,40.0,41.0,42.0,47.0,52.0,63.0,66.0,72.0,74.0,76.0,78.0,85.0,90.0,94.0
Palmas,0.0,,,15.0,16.0,17.0,18.0,18.0,22.0,24.0,28.0,37.0,49.0,61.0,68.0,73.0,78.0,86.0,94.0,112.0,115.0
Palmeira,0.0,,,7.0,8.0,9.0,9.0,11.0,14.0,18.0,27.0,32.0,37.0,42.0,44.0,45.0,48.0,49.0,53.0,54.0,61.0
Palmital,0.0,,,7.0,8.0,8.0,8.0,8.0,9.0,11.0,12.0,12.0,15.0,16.0,16.0,17.0,18.0,19.0,19.0,20.0,22.0
Palotina,0.0,,,28.0,29.0,30.0,30.0,32.0,32.0,34.0,38.0,43.0,47.0,51.0,54.0,56.0,58.0,59.0,61.0,62.0,63.0
Paranacity,0.0,,,1.0,1.0,2.0,3.0,3.0,3.0,3.0,3.0,5.0,6.0,6.0,7.0,8.0,9.0,10.0,11.0,12.0,12.0
Paranaguá,0.0,,,158.0,163.0,166.0,168.0,173.0,174.0,183.0,199.0,214.0,232.0,264.0,296.0,305.0,314.0,328.0,356.0,364.0,367.0
Paranapoema,0.0,,,1.0,1.0,1.0,2.0,2.0,,2.0,2.0,3.0,3.0,3.0,3.0,3.0,3.0,3.0,3.0,3.0,3.0
Paranavaí,0.0,,,40.0,45.0,48.0,55.0,55.0,62.0,67.0,78.0,94.0,102.0,112.0,134.0,141.0,149.0,159.0,163.0,175.0,178.0
Paraíso do Norte,0.0,,,9.0,9.0,9.0,11.0,11.0,11.0,11.0,13.0,13.0,14.0,15.0,18.0,20.0,22.0,23.0,23.0,23.0,28.0
Pato Bragado,0.0,,,2.0,2.0,2.0,2.0,,,2.0,3.0,4.0,4.0,5.0,5.0,6.0,6.0,6.0,6.0,6.0,6.0
Pato Branco,0.0,,,40.0,43.0,45.0,51.0,57.0,69.0,80.0,92.0,99.0,107.0,118.0,127.0,136.0,150.0,152.0,161.0,170.0,178.0
Paula Freitas,0.0,,,3.0,4.0,4.0,4.0,4.0,,4.0,5.0,8.0,10.0,10.0,11.0,11.0,12.0,12.0,12.0,13.0,13.0
Paulo Frontin,0.0,,,0.0,0.0,0.0,0.0,0.0,0.0,0.0,0.0,0.0,0.0,1.0,1.0,1.0,1.0,1.0,1.0,1.0,2.0
Peabiru,0.0,,,11.0,11.0,12.0,12.0,12.0,,12.0,13.0,14.0,16.0,16.0,16.0,16.0,16.0,17.0,18.0,19.0,20.0
Perobal,0.0,,,3.0,3.0,3.0,3.0,3.0,3.0,3.0,3.0,3.0,3.0,3.0,3.0,3.0,3.0,3.0,3.0,3.0,3.0
Pinhais,0.0,,,176.0,182.0,188.0,192.0,196.0,203.0,206.0,218.0,237.0,259.0,271.0,300.0,316.0,330.0,345.0,359.0,369.0,385.0
Pinhal de São Bento,0.0,,,0.0,0.0,0.0,0.0,0.0,0.0,0.0,0.0,0.0,0.0,0.0,,1.0,1.0,1.0,1.0,1.0,1.0
Pinhalão,0.0,,,2.0,2.0,4.0,5.0,5.0,5.0,5.0,5.0,5.0,7.0,7.0,7.0,7.0,7.0,7.0,8.0,8.0,8.0
Pinhão,0.0,,,16.0,17.0,,17.0,17.0,17.0,18.0,18.0,18.0,20.0,23.0,28.0,31.0,32.0,34.0,40.0,40.0,41.0
Piraquara,0.0,,,137.0,140.0,141.0,143.0,144.0,144.0,146.0,149.0,168.0,174.0,174.0,197.0,202.0,213.0,216.0,229.0,230.0,234.0
Piraí do Sul,0.0,,,16.0,18.0,21.0,21.0,23.0,23.0,25.0,28.0,28.0,30.0,33.0,34.0,35.0,37.0,39.0,44.0,46.0,51.0
Pitanga,0.0,,,8.0,8.0,8.0,8.0,9.0,10.0,10.0,10.0,10.0,11.0,12.0,12.0,13.0,14.0,20.0,22.0,24.0,25.0
Pitangueiras,0.0,,,2.0,3.0,3.0,3.0,3.0,,3.0,3.0,3.0,3.0,3.0,5.0,5.0,5.0,6.0,6.0,7.0,7.0
Piên,0.0,,,5.0,5.0,5.0,5.0,5.0,5.0,5.0,7.0,7.0,9.0,9.0,10.0,10.0,10.0,10.0,12.0,12.0,15.0
Planaltina do Paraná,0.0,,,2.0,2.0,2.0,2.0,2.0,2.0,2.0,3.0,3.0,3.0,,3.0,3.0,5.0,5.0,5.0,5.0,5.0
Planalto,0.0,,,2.0,2.0,2.0,2.0,2.0,3.0,3.0,5.0,5.0,9.0,10.0,10.0,11.0,12.0,13.0,15.0,15.0,15.0
Ponta Grossa,0.0,,,260.0,297.0,316.0,336.0,351.0,379.0,413.0,437.0,495.0,536.0,605.0,664.0,710.0,777.0,799.0,839.0,871.0,896.0
Pontal do Paraná,0.0,,,27.0,27.0,28.0,28.0,30.0,30.0,36.0,40.0,46.0,51.0,55.0,64.0,65.0,68.0,70.0,75.0,78.0,80.0
Porecatu,0.0,,,11.0,13.0,14.0,16.0,16.0,16.0,17.0,17.0,17.0,19.0,19.0,19.0,20.0,21.0,23.0,26.0,27.0,30.0
Porto Amazonas,0.0,,,2.0,2.0,2.0,2.0,2.0,2.0,3.0,3.0,3.0,5.0,6.0,6.0,6.0,8.0,8.0,9.0,12.0,13.0
Porto Barreiro,0.0,,,1.0,1.0,1.0,1.0,1.0,1.0,1.0,1.0,1.0,1.0,1.0,1.0,1.0,1.0,1.0,1.0,1.0,1.0
Porto Rico,0.0,,,2.0,2.0,2.0,2.0,2.0,,2.0,2.0,2.0,2.0,2.0,2.0,2.0,2.0,2.0,2.0,2.0,2.0
Porto Vitória,0.0,,,1.0,1.0,,1.0,1.0,,1.0,1.0,2.0,3.0,3.0,3.0,3.0,3.0,5.0,5.0,5.0,5.0
Prado Ferreira,0.0,,,3.0,3.0,3.0,4.0,,4.0,4.0,5.0,5.0,7.0,10.0,10.0,10.0,10.0,10.0,11.0,11.0,11.0
Pranchita,0.0,,,4.0,4.0,4.0,4.0,,4.0,4.0,5.0,5.0,5.0,5.0,5.0,5.0,5.0,5.0,5.0,5.0,5.0
Presidente Castelo Branco,0.0,,,2.0,2.0,4.0,4.0,4.0,4.0,4.0,4.0,4.0,5.0,5.0,5.0,5.0,6.0,6.0,8.0,10.0,10.0
Primeiro de Maio,0.0,,,6.0,6.0,6.0,6.0,7.0,9.0,9.0,9.0,9.0,9.0,9.0,9.0,10.0,10.0,11.0,11.0,13.0,14.0
Prudentópolis,0.0,,,12.0,13.0,14.0,14.0,14.0,16.0,16.0,17.0,18.0,18.0,23.0,26.0,27.0,28.0,32.0,41.0,42.0,42.0
Pérola,0.0,,,11.0,12.0,12.0,12.0,12.0,12.0,12.0,12.0,13.0,14.0,14.0,15.0,15.0,15.0,15.0,18.0,20.0,21.0
Pérola d'Oeste,0.0,,,4.0,4.0,4.0,4.0,4.0,,5.0,6.0,6.0,6.0,7.0,7.0,7.0,7.0,7.0,7.0,7.0,7.0
Quarto Centenário,0.0,,,1.0,1.0,1.0,1.0,1.0,1.0,1.0,1.0,1.0,1.0,1.0,1.0,1.0,1.0,1.0,1.0,1.0,1.0
Quatiguá,0.0,,,4.0,5.0,5.0,5.0,5.0,5.0,5.0,5.0,5.0,5.0,6.0,9.0,9.0,10.0,10.0,12.0,12.0,14.0
Quatro Barras,0.0,,,30.0,31.0,33.0,34.0,37.0,41.0,41.0,43.0,43.0,45.0,53.0,54.0,56.0,57.0,61.0,63.0,64.0,69.0
Quatro Pontes,0.0,,,2.0,2.0,,2.0,2.0,3.0,3.0,4.0,4.0,4.0,4.0,5.0,5.0,5.0,5.0,6.0,6.0,6.0
Quedas do Iguaçu,0.0,,,23.0,23.0,23.0,23.0,23.0,26.0,26.0,37.0,41.0,51.0,52.0,53.0,53.0,54.0,56.0,57.0,57.0,58.0
Querência do Norte,0.0,,,1.0,1.0,1.0,1.0,1.0,2.0,2.0,2.0,2.0,2.0,2.0,2.0,2.0,2.0,2.0,4.0,4.0,5.0
Quinta do Sol,0.0,,,6.0,6.0,6.0,6.0,6.0,6.0,6.0,6.0,6.0,6.0,6.0,6.0,6.0,6.0,6.0,6.0,6.0,6.0
Quitandinha,0.0,,,10.0,11.0,11.0,11.0,12.0,13.0,15.0,20.0,23.0,28.0,31.0,36.0,36.0,37.0,37.0,40.0,39.0,42.0
Ramilândia,0.0,,,2.0,2.0,2.0,2.0,2.0,2.0,2.0,3.0,3.0,5.0,5.0,6.0,6.0,7.0,7.0,7.0,8.0,10.0
Rancho Alegre,0.0,,,3.0,3.0,3.0,3.0,3.0,4.0,4.0,4.0,4.0,4.0,4.0,4.0,4.0,4.0,4.0,4.0,4.0,4.0
Rancho Alegre D'Oeste,0.0,,,0.0,0.0,,0.0,,0.0,0.0,1.0,1.0,1.0,1.0,2.0,2.0,3.0,3.0,3.0,3.0,3.0
Realeza,0.0,,,10.0,11.0,12.0,12.0,12.0,12.0,12.0,14.0,15.0,20.0,21.0,22.0,25.0,28.0,28.0,28.0,28.0,28.0
Rebouças,0.0,,,7.0,7.0,7.0,8.0,8.0,9.0,9.0,9.0,9.0,9.0,9.0,9.0,10.0,10.0,11.0,16.0,17.0,21.0
Renascença,0.0,,,4.0,4.0,4.0,5.0,5.0,5.0,6.0,8.0,10.0,11.0,11.0,11.0,14.0,15.0,16.0,19.0,20.0,20.0
Reserva,0.0,,,11.0,13.0,13.0,14.0,15.0,17.0,19.0,20.0,23.0,23.0,24.0,25.0,26.0,29.0,31.0,35.0,40.0,44.0
Reserva do Iguaçu,0.0,,,1.0,1.0,1.0,2.0,2.0,2.0,2.0,2.0,3.0,3.0,3.0,3.0,4.0,4.0,5.0,6.0,6.0,6.0
Ribeirão Claro,0.0,,,4.0,4.0,4.0,4.0,5.0,6.0,11.0,11.0,11.0,11.0,11.0,11.0,11.0,15.0,15.0,15.0,15.0,15.0
Ribeirão do Pinhal,0.0,,,12.0,12.0,12.0,14.0,14.0,15.0,16.0,17.0,18.0,19.0,19.0,22.0,27.0,30.0,29.0,31.0,32.0,34.0
Rio Azul,0.0,,,3.0,3.0,3.0,3.0,3.0,3.0,3.0,3.0,3.0,4.0,4.0,4.0,6.0,7.0,7.0,7.0,10.0,11.0
Rio Bom,0.0,,,4.0,4.0,4.0,4.0,4.0,4.0,4.0,4.0,4.0,4.0,5.0,6.0,6.0,6.0,6.0,6.0,6.0,6.0
Rio Bonito do Iguaçu,0.0,,,1.0,1.0,1.0,1.0,1.0,1.0,1.0,1.0,1.0,3.0,5.0,5.0,5.0,5.0,6.0,6.0,6.0,7.0
Rio Branco do Ivaí,0.0,,,0.0,0.0,,0.0,,0.0,1.0,2.0,2.0,3.0,3.0,3.0,4.0,7.0,8.0,8.0,8.0,8.0
Rio Branco do Sul,0.0,,,56.0,56.0,57.0,57.0,57.0,57.0,58.0,59.0,66.0,72.0,82.0,88.0,103.0,107.0,114.0,120.0,120.0,128.0
Rio Negro,0.0,,,17.0,18.0,18.0,20.0,21.0,22.0,22.0,22.0,22.0,24.0,26.0,26.0,27.0,27.0,27.0,29.0,30.0,32.0
Rolândia,0.0,,,83.0,88.0,91.0,96.0,97.0,106.0,112.0,123.0,133.0,141.0,145.0,157.0,163.0,169.0,173.0,177.0,181.0,183.0
Roncador,0.0,,,2.0,4.0,4.0,4.0,4.0,4.0,4.0,4.0,4.0,4.0,4.0,4.0,5.0,6.0,9.0,9.0,9.0,9.0
Rondon,0.0,,,4.0,4.0,5.0,5.0,5.0,6.0,6.0,6.0,6.0,6.0,6.0,6.0,6.0,7.0,7.0,9.0,9.0,9.0
Rosário do Ivaí,0.0,,,0.0,0.0,0.0,1.0,1.0,,1.0,1.0,1.0,2.0,2.0,2.0,2.0,2.0,2.0,2.0,2.0,2.0
Sabáudia,0.0,,,9.0,9.0,9.0,9.0,9.0,9.0,9.0,10.0,10.0,10.0,11.0,12.0,12.0,12.0,13.0,14.0,14.0,15.0
Salgado Filho,0.0,,,0.0,0.0,0.0,0.0,0.0,0.0,0.0,1.0,2.0,2.0,3.0,3.0,5.0,5.0,5.0,7.0,7.0,8.0
Salto do Itararé,0.0,,,5.0,5.0,5.0,5.0,5.0,5.0,5.0,5.0,5.0,6.0,6.0,6.0,9.0,14.0,16.0,20.0,22.0,25.0
Salto do Lontra,0.0,,,10.0,10.0,11.0,11.0,11.0,11.0,11.0,12.0,13.0,14.0,14.0,14.0,18.0,19.0,21.0,22.0,22.0,22.0
Santa Amélia,0.0,,,2.0,3.0,3.0,3.0,3.0,3.0,4.0,4.0,4.0,4.0,5.0,5.0,5.0,5.0,5.0,5.0,5.0,5.0
Santa Cecília do Pavão,0.0,,,4.0,4.0,4.0,4.0,4.0,4.0,4.0,5.0,6.0,6.0,7.0,7.0,7.0,8.0,8.0,8.0,8.0,8.0
Santa Cruz de Monte Castelo,0.0,,,4.0,5.0,5.0,5.0,5.0,,5.0,5.0,7.0,7.0,7.0,7.0,7.0,7.0,7.0,8.0,9.0,9.0
Santa Fé,0.0,,,14.0,15.0,15.0,15.0,16.0,16.0,17.0,18.0,23.0,25.0,25.0,25.0,30.0,30.0,36.0,38.0,40.0,41.0
Santa Helena,0.0,,,24.0,23.0,23.0,24.0,25.0,26.0,28.0,28.0,28.0,31.0,31.0,33.0,41.0,41.0,44.0,44.0,45.0,46.0
Santa Inês,0.0,,,0.0,0.0,0.0,0.0,0.0,0.0,0.0,0.0,0.0,0.0,0.0,1.0,1.0,1.0,1.0,1.0,1.0,1.0
Santa Isabel do Ivaí,0.0,,,6.0,7.0,7.0,9.0,9.0,10.0,11.0,14.0,14.0,14.0,15.0,15.0,16.0,16.0,17.0,17.0,18.0,19.0
Santa Izabel do Oeste,0.0,,,8.0,9.0,9.0,9.0,9.0,10.0,11.0,11.0,15.0,19.0,19.0,21.0,21.0,22.0,23.0,23.0,23.0,25.0
Santa Lúcia,0.0,,,1.0,1.0,,1.0,1.0,1.0,2.0,3.0,4.0,4.0,4.0,4.0,4.0,4.0,5.0,5.0,5.0,5.0
Santa Maria do Oeste,0.0,,,4.0,5.0,6.0,6.0,6.0,8.0,9.0,10.0,12.0,14.0,16.0,18.0,19.0,20.0,21.0,22.0,22.0,22.0
Santa Mariana,0.0,,,22.0,20.0,20.0,20.0,20.0,20.0,21.0,23.0,25.0,27.0,27.0,27.0,28.0,28.0,28.0,31.0,33.0,36.0
Santa Mônica,0.0,,,1.0,1.0,1.0,1.0,1.0,1.0,1.0,1.0,1.0,1.0,1.0,1.0,1.0,2.0,2.0,2.0,3.0,3.0
Santa Tereza do Oeste,0.0,,,5.0,5.0,6.0,6.0,6.0,9.0,11.0,14.0,15.0,16.0,18.0,17.0,18.0,18.0,18.0,18.0,18.0,18.0
Santa Terezinha de Itaipu,0.0,,,23.0,26.0,30.0,31.0,32.0,33.0,35.0,38.0,40.0,48.0,50.0,56.0,60.0,65.0,65.0,69.0,70.0,73.0
Santana do Itararé,0.0,,,5.0,5.0,5.0,6.0,6.0,7.0,7.0,7.0,8.0,8.0,8.0,9.0,9.0,11.0,12.0,14.0,16.0,16.0
Santo Antônio da Platina,0.0,,,21.0,23.0,23.0,25.0,25.0,25.0,28.0,28.0,28.0,33.0,38.0,66.0,69.0,75.0,86.0,91.0,93.0,96.0
Santo Antônio do Caiuá,0.0,,,3.0,2.0,3.0,3.0,4.0,5.0,5.0,6.0,6.0,5.0,5.0,5.0,5.0,5.0,5.0,6.0,7.0,7.0
Santo Antônio do Paraíso,0.0,,,0.0,0.0,0.0,0.0,,0.0,0.0,0.0,0.0,0.0,0.0,0.0,0.0,0.0,0.0,0.0,0.0,2.0
Santo Antônio do Sudoeste,0.0,,,2.0,2.0,4.0,4.0,5.0,5.0,5.0,5.0,5.0,8.0,9.0,9.0,11.0,12.0,14.0,14.0,14.0,17.0
Santo Inácio,0.0,,,3.0,3.0,3.0,3.0,3.0,,6.0,7.0,7.0,8.0,8.0,8.0,9.0,10.0,11.0,11.0,11.0,11.0
Sapopema,0.0,,,4.0,4.0,4.0,5.0,5.0,6.0,7.0,7.0,9.0,11.0,11.0,13.0,13.0,13.0,14.0,14.0,14.0,14.0
Sarandi,0.0,,,52.0,55.0,57.0,59.0,62.0,65.0,70.0,77.0,86.0,101.0,105.0,123.0,141.0,160.0,177.0,186.0,190.0,197.0
Saudade do Iguaçu,0.0,,,4.0,4.0,4.0,4.0,4.0,4.0,4.0,4.0,4.0,4.0,4.0,4.0,8.0,9.0,9.0,9.0,10.0,10.0
Sengés,0.0,,,12.0,13.0,13.0,13.0,14.0,14.0,16.0,18.0,20.0,21.0,21.0,21.0,21.0,21.0,22.0,22.0,22.0,25.0
Serranópolis do Iguaçu,0.0,,,0.0,0.0,0.0,0.0,0.0,1.0,1.0,2.0,3.0,3.0,3.0,3.0,4.0,4.0,4.0,4.0,4.0,6.0
Sertaneja,0.0,,,6.0,6.0,7.0,7.0,7.0,7.0,8.0,9.0,9.0,9.0,9.0,10.0,10.0,12.0,12.0,12.0,13.0,13.0
Sertanópolis,0.0,,,6.0,7.0,8.0,9.0,10.0,10.0,11.0,14.0,14.0,15.0,17.0,18.0,20.0,22.0,23.0,24.0,25.0,27.0
Siqueira Campos,0.0,,,13.0,13.0,13.0,15.0,15.0,16.0,16.0,17.0,17.0,18.0,18.0,20.0,23.0,23.0,32.0,38.0,44.0,49.0
Sulina,0.0,,,1.0,2.0,2.0,2.0,3.0,4.0,4.0,4.0,4.0,4.0,4.0,5.0,5.0,5.0,5.0,5.0,5.0,5.0
São Carlos do Ivaí,0.0,,,1.0,3.0,4.0,5.0,5.0,5.0,5.0,7.0,7.0,9.0,9.0,9.0,9.0,10.0,11.0,11.0,11.0,12.0
São Jerônimo da Serra,0.0,,,4.0,4.0,4.0,6.0,8.0,8.0,9.0,10.0,11.0,11.0,12.0,13.0,13.0,16.0,17.0,17.0,17.0,18.0
São Jorge d'Oeste,0.0,,,6.0,6.0,7.0,7.0,7.0,8.0,10.0,10.0,11.0,14.0,15.0,15.0,17.0,18.0,18.0,19.0,19.0,21.0
São Jorge do Ivaí,0.0,,,3.0,3.0,3.0,3.0,3.0,3.0,3.0,4.0,4.0,5.0,6.0,7.0,7.0,7.0,7.0,9.0,9.0,10.0
São Jorge do Patrocínio,0.0,,,0.0,0.0,0.0,0.0,0.0,0.0,0.0,0.0,1.0,2.0,2.0,3.0,3.0,3.0,4.0,4.0,4.0,5.0
São José da Boa Vista,0.0,,,9.0,11.0,11.0,11.0,11.0,12.0,13.0,13.0,14.0,17.0,17.0,17.0,19.0,19.0,19.0,19.0,19.0,19.0
São José das Palmeiras,0.0,,,6.0,6.0,6.0,6.0,6.0,,6.0,7.0,7.0,7.0,7.0,9.0,9.0,10.0,10.0,10.0,10.0,10.0
São José dos Pinhais,0.0,,302.0,306.0,319.0,331.0,341.0,351.0,359.0,366.0,382.0,414.0,449.0,475.0,507.0,537.0,558.0,595.0,625.0,649.0,681.0
São João,0.0,,,6.0,6.0,6.0,6.0,6.0,7.0,7.0,10.0,12.0,14.0,15.0,16.0,16.0,17.0,17.0,17.0,18.0,19.0
São João do Caiuá,0.0,,,2.0,1.0,1.0,1.0,1.0,1.0,2.0,3.0,3.0,3.0,3.0,4.0,5.0,6.0,6.0,6.0,7.0,9.0
São João do Ivaí,0.0,,,6.0,6.0,6.0,6.0,7.0,7.0,9.0,8.0,8.0,10.0,10.0,12.0,13.0,13.0,14.0,14.0,14.0,16.0
São João do Triunfo,0.0,,,2.0,2.0,2.0,2.0,2.0,2.0,2.0,2.0,2.0,2.0,2.0,2.0,3.0,6.0,6.0,8.0,8.0,8.0
São Manoel do Paraná,0.0,,,1.0,1.0,1.0,1.0,1.0,1.0,1.0,1.0,1.0,1.0,1.0,1.0,1.0,1.0,1.0,1.0,1.0,2.0
São Mateus do Sul,0.0,,,16.0,17.0,20.0,21.0,22.0,22.0,24.0,24.0,24.0,24.0,25.0,25.0,41.0,42.0,42.0,42.0,51.0,52.0
São Miguel do Iguaçu,0.0,,,27.0,28.0,28.0,28.0,30.0,30.0,30.0,31.0,34.0,38.0,39.0,39.0,39.0,44.0,45.0,48.0,48.0,51.0
São Pedro do Iguaçu,0.0,,,1.0,2.0,3.0,3.0,3.0,3.0,3.0,3.0,5.0,5.0,5.0,7.0,9.0,10.0,10.0,10.0,10.0,11.0
São Pedro do Ivaí,0.0,,,14.0,14.0,14.0,14.0,14.0,14.0,14.0,15.0,16.0,20.0,20.0,21.0,22.0,23.0,24.0,27.0,29.0,29.0
São Pedro do Paraná,0.0,,,0.0,1.0,1.0,1.0,1.0,1.0,1.0,1.0,1.0,1.0,1.0,1.0,1.0,1.0,1.0,1.0,1.0,1.0
São Sebastião da Amoreira,0.0,,,12.0,11.0,11.0,11.0,12.0,12.0,12.0,12.0,13.0,16.0,18.0,23.0,24.0,24.0,24.0,24.0,24.0,25.0
São Tomé,0.0,,,1.0,1.0,1.0,1.0,1.0,1.0,1.0,1.0,1.0,1.0,1.0,1.0,2.0,2.0,2.0,2.0,2.0,2.0
Tamarana,0.0,,,11.0,11.0,13.0,14.0,15.0,17.0,17.0,18.0,18.0,18.0,18.0,20.0,22.0,26.0,26.0,26.0,27.0,27.0
Tamboara,0.0,,,1.0,1.0,1.0,1.0,1.0,2.0,2.0,2.0,2.0,3.0,4.0,5.0,5.0,6.0,8.0,9.0,9.0,9.0
Tapejara,0.0,,,8.0,7.0,7.0,7.0,9.0,9.0,11.0,12.0,15.0,18.0,20.0,22.0,22.0,22.0,23.0,23.0,23.0,23.0
Tapira,0.0,,,3.0,3.0,3.0,4.0,4.0,,4.0,4.0,4.0,5.0,5.0,5.0,5.0,5.0,5.0,5.0,5.0,5.0
Teixeira Soares,0.0,,,4.0,4.0,4.0,4.0,4.0,4.0,4.0,6.0,6.0,7.0,8.0,8.0,8.0,9.0,10.0,10.0,10.0,10.0
Telêmaco Borba,0.0,,,95.0,101.0,104.0,107.0,115.0,118.0,125.0,130.0,138.0,146.0,157.0,163.0,170.0,178.0,187.0,197.0,205.0,233.0
Terra Boa,0.0,,,10.0,10.0,10.0,10.0,11.0,11.0,13.0,13.0,13.0,14.0,15.0,17.0,18.0,19.0,21.0,23.0,26.0,29.0
Terra Rica,0.0,,,5.0,4.0,5.0,5.0,5.0,5.0,5.0,8.0,8.0,9.0,9.0,9.0,9.0,11.0,12.0,12.0,13.0,14.0
Terra Roxa,0.0,,,6.0,6.0,6.0,7.0,8.0,9.0,10.0,11.0,14.0,17.0,18.0,18.0,19.0,22.0,23.0,24.0,24.0,24.0
Tibagi,0.0,,,19.0,21.0,24.0,25.0,25.0,25.0,28.0,28.0,33.0,39.0,42.0,45.0,54.0,54.0,54.0,58.0,62.0,64.0
Tijucas do Sul,0.0,,,20.0,20.0,20.0,21.0,22.0,24.0,30.0,37.0,40.0,47.0,49.0,54.0,58.0,60.0,62.0,63.0,63.0,63.0
Toledo,0.0,,,115.0,122.0,124.0,127.0,129.0,141.0,151.0,166.0,188.0,207.0,219.0,240.0,249.0,261.0,269.0,285.0,292.0,306.0
Tomazina,0.0,,,1.0,1.0,1.0,1.0,1.0,1.0,1.0,1.0,2.0,2.0,2.0,2.0,2.0,4.0,6.0,7.0,7.0,9.0
Três Barras do Paraná,0.0,,,7.0,8.0,8.0,9.0,8.0,8.0,10.0,12.0,13.0,24.0,26.0,28.0,29.0,29.0,29.0,29.0,30.0,30.0
Tunas do Paraná,0.0,,,8.0,8.0,8.0,8.0,8.0,8.0,8.0,8.0,8.0,8.0,8.0,8.0,9.0,10.0,10.0,10.0,10.0,11.0
Tuneiras do Oeste,0.0,,,5.0,5.0,5.0,5.0,5.0,6.0,6.0,6.0,7.0,8.0,10.0,10.0,11.0,11.0,11.0,12.0,13.0,14.0
Tupãssi,0.0,,,5.0,5.0,5.0,6.0,7.0,7.0,10.0,11.0,14.0,19.0,20.0,20.0,23.0,23.0,23.0,23.0,23.0,23.0
Turvo,0.0,,,0.0,0.0,0.0,1.0,1.0,3.0,3.0,3.0,5.0,5.0,5.0,5.0,6.0,7.0,8.0,9.0,10.0,12.0
Ubiratã,0.0,,,16.0,18.0,18.0,19.0,20.0,20.0,20.0,21.0,22.0,23.0,28.0,28.0,30.0,30.0,31.0,32.0,35.0,41.0
Umuarama,0.0,,,74.0,81.0,83.0,88.0,93.0,93.0,97.0,100.0,110.0,123.0,128.0,140.0,145.0,153.0,162.0,178.0,185.0,191.0
Uniflor,0.0,,,2.0,2.0,2.0,2.0,2.0,2.0,2.0,2.0,3.0,3.0,3.0,3.0,3.0,3.0,3.0,3.0,4.0,4.0
União da Vitória,0.0,,,12.0,17.0,17.0,20.0,20.0,22.0,27.0,29.0,35.0,43.0,47.0,53.0,57.0,57.0,64.0,72.0,80.0,90.0
Uraí,0.0,,,5.0,5.0,5.0,6.0,6.0,6.0,7.0,8.0,11.0,12.0,13.0,13.0,15.0,16.0,17.0,17.0,18.0,19.0
Ventania,0.0,,,14.0,15.0,16.0,16.0,16.0,17.0,17.0,17.0,20.0,20.0,20.0,20.0,21.0,24.0,24.0,24.0,26.0,26.0
Vera Cruz do Oeste,0.0,,,6.0,7.0,9.0,10.0,10.0,10.0,14.0,14.0,16.0,16.0,17.0,19.0,19.0,20.0,20.0,20.0,20.0,21.0
Verê,0.0,,,7.0,8.0,,8.0,8.0,8.0,8.0,11.0,11.0,12.0,12.0,12.0,13.0,14.0,14.0,14.0,14.0,14.0
Virmond,0.0,,,3.0,3.0,3.0,3.0,3.0,3.0,3.0,3.0,3.0,3.0,3.0,3.0,3.0,3.0,3.0,3.0,3.0,3.0
Vitorino,0.0,,,6.0,6.0,7.0,7.0,7.0,8.0,8.0,8.0,9.0,14.0,15.0,15.0,16.0,16.0,16.0,16.0,17.0,17.0
Wenceslau Braz,0.0,,,10.0,10.0,11.0,11.0,13.0,17.0,17.0,22.0,34.0,40.0,46.0,53.0,56.0,57.0,59.0,62.0,66.0,69.0
Xambrê,0.0,,,2.0,4.0,4.0,4.0,5.0,5.0,5.0,5.0,5.0,5.0,5.0,5.0,5.0,5.0,5.0,5.0,5.0,5.0
Ângulo,0.0,,,2.0,2.0,2.0,2.0,2.0,2.0,3.0,3.0,3.0,3.0,3.0,4.0,4.0,4.0,4.0,5.0,5.0,6.0
